species,folder,observation_id,photo_id,filename,license,attribution,inat_url,photo_url,observed_on,place_guess,quality_grade,inat_taxon_name
Cryptocarya alba,SP001_peumo,380465077,696057868,obs_380465077_photo_696057868.jpg,cc-by-nc,"(c) redlobeliabloom, some rights reserved (CC BY-NC)",https://www.inaturalist.org/observations/380465077,https://inaturalist-open-data.s3.amazonaws.com/photos/696057868/medium.jpg,2026-06-24,"Villa Alemana, Valparaíso, Chile",research,Cryptocarya alba
Cryptocarya alba,SP001_peumo,380716958,696461788,obs_380716958_photo_696461788.jpg,cc-by-nc,"(c) Manuel Alejandro Henríquez, some rights reserved (CC BY-NC)",https://www.inaturalist.org/observations/380716958,https://inaturalist-open-data.s3.amazonaws.com/photos/696461788/medium.jpg,2026-07-10,"Pirque, Región Metropolitana, Chile",research,Cryptocarya alba
Cryptocarya alba,SP001_peumo,380716966,696461922,obs_380716966_photo_696461922.jpg,cc-by-nc,"(c) Manuel Alejandro Henríquez, some rights reserved (CC BY-NC)",https://www.inaturalist.org/observations/380716966,https://inaturalist-open-data.s3.amazonaws.com/photos/696461922/medium.jpg,2026-07-10,"Pirque, Región Metropolitana, Chile",research,Cryptocarya alba
Cryptocarya alba,SP001_peumo,380717072,696466161,obs_380717072_photo_696466161.jpg,cc-by-nc,"(c) Manuel Alejandro Henríquez, some rights reserved (CC BY-NC)",https://www.inaturalist.org/observations/380717072,https://inaturalist-open-data.s3.amazonaws.com/photos/696466161/medium.jpg,2026-07-10,"Pirque, Región Metropolitana, Chile",research,Cryptocarya alba
Cryptocarya alba,SP001_peumo,380717094,696466890,obs_380717094_photo_696466890.jpg,cc-by-nc,"(c) Manuel Alejandro Henríquez, some rights reserved (CC BY-NC)",https://www.inaturalist.org/observations/380717094,https://inaturalist-open-data.s3.amazonaws.com/photos/696466890/medium.jpg,2026-07-10,"Pirque, Región Metropolitana, Chile",research,Cryptocarya alba
Cryptocarya alba,SP001_peumo,380717095,696466932,obs_380717095_photo_696466932.jpg,cc-by-nc,"(c) Manuel Alejandro Henríquez, some rights reserved (CC BY-NC)",https://www.inaturalist.org/observations/380717095,https://inaturalist-open-data.s3.amazonaws.com/photos/696466932/medium.jpg,2026-07-10,"Pirque, Región Metropolitana, Chile",research,Cryptocarya alba
Cryptocarya alba,SP001_peumo,380717102,696466974,obs_380717102_photo_696466974.jpg,cc-by-nc,"(c) Manuel Alejandro Henríquez, some rights reserved (CC BY-NC)",https://www.inaturalist.org/observations/380717102,https://inaturalist-open-data.s3.amazonaws.com/photos/696466974/medium.jpg,2026-07-10,"Pirque, Región Metropolitana, Chile",research,Cryptocarya alba
Cryptocarya alba,SP001_peumo,380717547,696484563,obs_380717547_photo_696484563.jpg,cc-by-nc,"(c) Manuel Alejandro Henríquez, some rights reserved (CC BY-NC)",https://www.inaturalist.org/observations/380717547,https://inaturalist-open-data.s3.amazonaws.com/photos/696484563/medium.jpg,2026-07-10,"Pirque, Región Metropolitana, Chile",research,Cryptocarya alba
Cryptocarya alba,SP001_peumo,380717586,696485425,obs_380717586_photo_696485425.jpg,cc-by-nc,"(c) Manuel Alejandro Henríquez, some rights reserved (CC BY-NC)",https://www.inaturalist.org/observations/380717586,https://inaturalist-open-data.s3.amazonaws.com/photos/696485425/medium.jpg,2026-07-10,"Pirque, Región Metropolitana, Chile",research,Cryptocarya alba
Cryptocarya alba,SP001_peumo,380836235,696772559,obs_380836235_photo_696772559.jpg,cc-by-nc,"(c) Carolina Escobar Aguila, some rights reserved (CC BY-NC)",https://www.inaturalist.org/observations/380836235,https://inaturalist-open-data.s3.amazonaws.com/photos/696772559/medium.jpg,2026-07-10,"Pirque, Región Metropolitana, Chile",research,Cryptocarya alba
Cryptocarya alba,SP001_peumo,380851276,696801142,obs_380851276_photo_696801142.jpg,cc-by,"(c) Gabriela Cartes, some rights reserved (CC BY)",https://www.inaturalist.org/observations/380851276,https://inaturalist-open-data.s3.amazonaws.com/photos/696801142/medium.jpg,2026-07-04,"Santuario de la Naturaleza Cerro Poqui, Coltauco, Región del Libertador General Bernardo O'Higgins, CL",research,Cryptocarya alba
Cryptocarya alba,SP001_peumo,381251216,697578622,obs_381251216_photo_697578622.jpg,cc-by-nc,"(c) Fundación Kennedy para la Conservación de los Humedales, some rights reserved (CC BY-NC)",https://www.inaturalist.org/observations/381251216,https://inaturalist-open-data.s3.amazonaws.com/photos/697578622/medium.jpg,2026-07-13,"Parque Padre Hurtado, La Reina",research,Cryptocarya alba
Cryptocarya alba,SP001_peumo,381505161,698070171,obs_381505161_photo_698070171.jpg,cc-by-nc,"(c) Carolina P., some rights reserved (CC BY-NC)",https://www.inaturalist.org/observations/381505161,https://inaturalist-open-data.s3.amazonaws.com/photos/698070171/medium.jpg,2026-07-14,"Centenario, El Tabo, Región de Valparaíso, CL",research,Cryptocarya alba
Cryptocarya alba,SP001_peumo,381505248,698070404,obs_381505248_photo_698070404.jpg,cc-by-nc,"(c) Carolina P., some rights reserved (CC BY-NC)",https://www.inaturalist.org/observations/381505248,https://inaturalist-open-data.s3.amazonaws.com/photos/698070404/medium.jpg,2026-07-14,"Centenario, El Tabo, Región de Valparaíso, CL",research,Cryptocarya alba
Cryptocarya alba,SP001_peumo,381505586,698071043,obs_381505586_photo_698071043.jpg,cc-by-nc,"(c) Carolina P., some rights reserved (CC BY-NC)",https://www.inaturalist.org/observations/381505586,https://inaturalist-open-data.s3.amazonaws.com/photos/698071043/medium.jpg,2026-07-14,"Centenario, El Tabo, Región de Valparaíso, CL",research,Cryptocarya alba
Cryptocarya alba,SP001_peumo,381505685,698071217,obs_381505685_photo_698071217.jpg,cc-by-nc,"(c) Carolina P., some rights reserved (CC BY-NC)",https://www.inaturalist.org/observations/381505685,https://inaturalist-open-data.s3.amazonaws.com/photos/698071217/medium.jpg,2026-07-14,"Centenario, El Tabo, Región de Valparaíso, CL",research,Cryptocarya alba
Cryptocarya alba,SP001_peumo,382127898,699274529,obs_382127898_photo_699274529.jpg,cc-by-nc,"(c) Carolina P., some rights reserved (CC BY-NC)",https://www.inaturalist.org/observations/382127898,https://inaturalist-open-data.s3.amazonaws.com/photos/699274529/medium.jpg,2026-07-16,"Centenario, El Tabo, Región de Valparaíso, CL",research,Cryptocarya alba
Cryptocarya alba,SP001_peumo,382740184,700449468,obs_382740184_photo_700449468.jpg,cc-by-nc,"(c) Carolina P., some rights reserved (CC BY-NC)",https://www.inaturalist.org/observations/382740184,https://inaturalist-open-data.s3.amazonaws.com/photos/700449468/medium.jpg,2026-07-18,"Palacio Carrasco, Viña del Mar, Región de Valparaíso, CL",research,Cryptocarya alba
Cryptocarya alba,SP001_peumo,384318371,703488668,obs_384318371_photo_703488668.jpg,cc-by-nc,"(c) alex10969, some rights reserved (CC BY-NC)",https://www.inaturalist.org/observations/384318371,https://inaturalist-open-data.s3.amazonaws.com/photos/703488668/medium.jpg,2026-07-22,"Peñalolén, Región Metropolitana, Chile",research,Cryptocarya alba
Cryptocarya alba,SP001_peumo,384328748,703508433,obs_384328748_photo_703508433.jpg,cc-by-nc,"(c) Jeremy Céspedes, some rights reserved (CC BY-NC)",https://www.inaturalist.org/observations/384328748,https://inaturalist-open-data.s3.amazonaws.com/photos/703508433/medium.jpg,2026-07-23,"Cordillera, CL-RM, CL",research,Cryptocarya alba
Cryptocarya alba,SP001_peumo,385370289,705497596,obs_385370289_photo_705497596.jpg,cc-by-nc,"(c) Aníbal I Acuña, some rights reserved (CC BY-NC)",https://www.inaturalist.org/observations/385370289,https://inaturalist-open-data.s3.amazonaws.com/photos/705497596/medium.jpg,2026-07-26,"Cerro Colorado, Las Condes, Santiago Metropolitan Region, CL",research,Cryptocarya alba
Cryptocarya alba,SP001_peumo,385456824,705663848,obs_385456824_photo_705663848.jpg,cc-by-nc,"(c) pascal vergara, some rights reserved (CC BY-NC)",https://www.inaturalist.org/observations/385456824,https://inaturalist-open-data.s3.amazonaws.com/photos/705663848/medium.jpg,2026-07-26,"El Dibujo 2, Melipilla, Santiago Metropolitan Region, CL",research,Cryptocarya alba
Cryptocarya alba,SP001_peumo,385679214,706090715,obs_385679214_photo_706090715.jpg,cc-by,"(c) Cesar Ormazabal, some rights reserved (CC BY)",https://www.inaturalist.org/observations/385679214,https://inaturalist-open-data.s3.amazonaws.com/photos/706090715/medium.jpg,2023-11-08,"Las Condes, Región Metropolitana, Chile",research,Cryptocarya alba
Cryptocarya alba,SP001_peumo,389183014,712850208,obs_389183014_photo_712850208.jpg,cc-by-nc,"(c) liamrg, some rights reserved (CC BY-NC)",https://www.inaturalist.org/observations/389183014,https://inaturalist-open-data.s3.amazonaws.com/photos/712850208/medium.jpg,2026-08-07,"Cementerio Parque del Mar, Concón, Valparaíso Region, CL",research,Cryptocarya alba
Cryptocarya alba,SP001_peumo,389650940,713758967,obs_389650940_photo_713758967.jpg,cc-by-nc,"(c) tinalina, some rights reserved (CC BY-NC)",https://www.inaturalist.org/observations/389650940,https://inaturalist-open-data.s3.amazonaws.com/photos/713758967/medium.jpg,2026-08-08,"Papudo, Valparaíso Region, CL",research,Cryptocarya alba
Cryptocarya alba,SP001_peumo,389651063,713759177,obs_389651063_photo_713759177.jpg,cc-by-nc,"(c) tinalina, some rights reserved (CC BY-NC)",https://www.inaturalist.org/observations/389651063,https://inaturalist-open-data.s3.amazonaws.com/photos/713759177/medium.jpg,2026-08-08,"Papudo, Valparaíso Region, CL",research,Cryptocarya alba
Cryptocarya alba,SP001_peumo,389856168,714142443,obs_389856168_photo_714142443.jpg,cc-by,"(c) Bruno Avilez, some rights reserved (CC BY)",https://www.inaturalist.org/observations/389856168,https://inaturalist-open-data.s3.amazonaws.com/photos/714142443/medium.jpg,2026-08-09,"Concepción, Bío Bío, Chile",research,Cryptocarya alba
Cryptocarya alba,SP001_peumo,389987975,714420896,obs_389987975_photo_714420896.jpg,cc-by-nc,"(c) liamrg, some rights reserved (CC BY-NC)",https://www.inaturalist.org/observations/389987975,https://inaturalist-open-data.s3.amazonaws.com/photos/714420896/medium.jpg,2026-08-06,"Poza de la Virgen - Parque Natural Gómez Carreño, Viña del Mar, Valparaíso Region, CL",research,Cryptocarya alba
Cryptocarya alba,SP001_peumo,390090041,714619209,obs_390090041_photo_714619209.jpg,cc-by-nc,"(c) sofia alvarez, some rights reserved (CC BY-NC)",https://www.inaturalist.org/observations/390090041,https://inaturalist-open-data.s3.amazonaws.com/photos/714619209/medium.jpg,2026-08-09,"Callejón Los Molles, Melipilla, Santiago Metropolitan Region, CL",research,Cryptocarya alba
Cryptocarya alba,SP001_peumo,390302885,715034912,obs_390302885_photo_715034912.jpg,cc-by-nc,"(c) Benjamín Ignacio, some rights reserved (CC BY-NC)",https://www.inaturalist.org/observations/390302885,https://inaturalist-open-data.s3.amazonaws.com/photos/715034912/medium.jpg,2024-04-12,"2030477 La Ligua, Valparaíso, Chile",research,Cryptocarya alba
Cryptocarya alba,SP001_peumo,390308857,715047434,obs_390308857_photo_715047434.jpg,cc-by-nc,"(c) Benjamín Ignacio, some rights reserved (CC BY-NC)",https://www.inaturalist.org/observations/390308857,https://inaturalist-open-data.s3.amazonaws.com/photos/715047434/medium.jpg,2025-10-21,"2030477 La Ligua, Valparaíso, Chile",research,Cryptocarya alba
Cryptocarya alba,SP001_peumo,390404627,715236450,obs_390404627_photo_715236450.jpg,cc-by-nc,"(c) liamrg, some rights reserved (CC BY-NC)",https://www.inaturalist.org/observations/390404627,https://inaturalist-open-data.s3.amazonaws.com/photos/715236450/medium.jpg,2026-08-08,"San Pedro, Quillota, Valparaíso Region, CL",research,Cryptocarya alba
Cryptocarya alba,SP001_peumo,390490339,715405818,obs_390490339_photo_715405818.jpg,cc-by-nc,"(c) garec0304, some rights reserved (CC BY-NC)",https://www.inaturalist.org/observations/390490339,https://inaturalist-open-data.s3.amazonaws.com/photos/715405818/medium.jpg,2026-04-25,"Los Angeles, Los Ángeles, Bío Bío, Chile",research,Cryptocarya alba
Cryptocarya alba,SP001_peumo,390604192,715624843,obs_390604192_photo_715624843.jpg,cc-by-nc,"(c) liamrg, some rights reserved (CC BY-NC)",https://www.inaturalist.org/observations/390604192,https://inaturalist-open-data.s3.amazonaws.com/photos/715624843/medium.jpg,2026-08-08,"Parque Nacional La Campana, Olmué, Valparaíso Region, CL",research,Cryptocarya alba
Cryptocarya alba,SP001_peumo,391239916,716863211,obs_391239916_photo_716863211.jpg,cc-by,"(c) Cesar Ormazabal, some rights reserved (CC BY)",https://www.inaturalist.org/observations/391239916,https://inaturalist-open-data.s3.amazonaws.com/photos/716863211/medium.jpg,2023-12-08,"Linares, Maule, Chile",research,Cryptocarya alba
Cryptocarya alba,SP001_peumo,393023931,720335420,obs_393023931_photo_720335420.jpg,cc-by-nc,"(c) Benjamín Pinto, some rights reserved (CC BY-NC)",https://www.inaturalist.org/observations/393023931,https://inaturalist-open-data.s3.amazonaws.com/photos/720335420/medium.jpg,2026-08-20,"Colegio Concepción P. De Valdivia, Concepción, Chiguayante, Bío Bío, Chile",research,Cryptocarya alba
Cryptocarya alba,SP001_peumo,393023947,720335531,obs_393023947_photo_720335531.jpg,cc-by-nc,"(c) Cat, some rights reserved (CC BY-NC)",https://www.inaturalist.org/observations/393023947,https://inaturalist-open-data.s3.amazonaws.com/photos/720335531/medium.jpg,2026-08-20,"Colegio Concepción P. De Valdivia, Concepción, Chiguayante, Bío Bío, Chile",research,Cryptocarya alba
Cryptocarya alba,SP001_peumo,393024028,720335691,obs_393024028_photo_720335691.jpg,cc-by-nc,"(c) Ninux Correa, some rights reserved (CC BY-NC)",https://www.inaturalist.org/observations/393024028,https://inaturalist-open-data.s3.amazonaws.com/photos/720335691/medium.jpg,2026-08-20,"Colegio Concepción P. De Valdivia, Concepción, Chiguayante, Bío Bío, Chile",research,Cryptocarya alba
Cryptocarya alba,SP001_peumo,393489150,721247247,obs_393489150_photo_721247247.jpg,cc-by-nc,"(c) Algarroboceae, some rights reserved (CC BY-NC)",https://www.inaturalist.org/observations/393489150,https://inaturalist-open-data.s3.amazonaws.com/photos/721247247/medium.jpg,2026-08-21,"Algarrobo, Valparaíso, Chile",research,Cryptocarya alba
Cryptocarya alba,SP001_peumo,393707340,721675089,obs_393707340_photo_721675089.jpg,cc-by-nc,"(c) alex10969, some rights reserved (CC BY-NC)",https://www.inaturalist.org/observations/393707340,https://inaturalist-open-data.s3.amazonaws.com/photos/721675089/medium.jpg,2026-08-09,"PE1534-Portales de Piedra -Oriente / esq. Piedra del Rey -Sur, La Florida, Región Metropolitana, Chile",research,Cryptocarya alba
Cryptocarya alba,SP001_peumo,394509447,723250091,obs_394509447_photo_723250091.jpg,cc-by-nc,"(c) Franco Allende, some rights reserved (CC BY-NC)",https://www.inaturalist.org/observations/394509447,https://inaturalist-open-data.s3.amazonaws.com/photos/723250091/medium.jpg,2026-08-25,"Villarrica - Magallanes, 2570428 Viña del Mar, Valparaíso, Chile",research,Cryptocarya alba
Cryptocarya alba,SP001_peumo,394704227,723632656,obs_394704227_photo_723632656.jpg,cc-by-nc,"(c) liamrg, some rights reserved (CC BY-NC)",https://www.inaturalist.org/observations/394704227,https://inaturalist-open-data.s3.amazonaws.com/photos/723632656/medium.jpg,2026-08-01,"Quinta Vergara, Viña del Mar, Valparaíso Region, CL",research,Cryptocarya alba
Cryptocarya alba,SP001_peumo,395332578,724870191,obs_395332578_photo_724870191.jpg,cc-by-nc,"(c) JOSÉ FERNÁNDEZ, some rights reserved (CC BY-NC)",https://www.inaturalist.org/observations/395332578,https://inaturalist-open-data.s3.amazonaws.com/photos/724870191/medium.jpg,2026-06-25,"Zapallar, Valparaíso Region, CL",research,Cryptocarya alba
Cryptocarya alba,SP001_peumo,395507822,725212466,obs_395507822_photo_725212466.jpg,cc-by-nc,"(c) emi, some rights reserved (CC BY-NC)",https://www.inaturalist.org/observations/395507822,https://inaturalist-open-data.s3.amazonaws.com/photos/725212466/medium.jpg,2026-08-29,"El Granizo, Olmué, Valparaíso, Chile",research,Cryptocarya alba
Cryptocarya alba,SP001_peumo,395510328,725216891,obs_395510328_photo_725216891.jpg,cc-by-nc,"(c) emi, some rights reserved (CC BY-NC)",https://www.inaturalist.org/observations/395510328,https://inaturalist-open-data.s3.amazonaws.com/photos/725216891/medium.jpg,2026-08-29,"El Granizo, Olmué, Valparaíso, Chile",research,Cryptocarya alba
Cryptocarya alba,SP001_peumo,396274199,726692825,obs_396274199_photo_726692825.jpg,cc-by-nc,"(c) jpr2027, some rights reserved (CC BY-NC)",https://www.inaturalist.org/observations/396274199,https://inaturalist-open-data.s3.amazonaws.com/photos/726692825/medium.jpg,2026-05-20,"San Fernando, O'Higgins, Chile",research,Cryptocarya alba
Cryptocarya alba,SP001_peumo,396372337,726908568,obs_396372337_photo_726908568.jpg,cc-by-nc,"(c) danielaroldan, some rights reserved (CC BY-NC)",https://www.inaturalist.org/observations/396372337,https://inaturalist-open-data.s3.amazonaws.com/photos/726908568/medium.jpg,2026-09-01,"Facultad De Arquitectura, Diseño Y Estudios Urbanos, Providencia, Región Metropolitana de Santiago, CL",research,Cryptocarya alba
Cryptocarya alba,SP001_peumo,396375835,726914945,obs_396375835_photo_726914945.jpg,cc-by-nc,"(c) danielaroldan, some rights reserved (CC BY-NC)",https://www.inaturalist.org/observations/396375835,https://inaturalist-open-data.s3.amazonaws.com/photos/726914945/medium.jpg,2026-09-01,"Facultad De Arquitectura, Diseño Y Estudios Urbanos, Providencia, Región Metropolitana de Santiago, CL",research,Cryptocarya alba
Cryptocarya alba,SP001_peumo,397563380,729190138,obs_397563380_photo_729190138.jpg,cc-by-nc,"(c) manselaar, some rights reserved (CC BY-NC)",https://www.inaturalist.org/observations/397563380,https://inaturalist-open-data.s3.amazonaws.com/photos/729190138/medium.jpg,2026-09-05,"Paine, Santiago Metropolitan Region, Chile",research,Cryptocarya alba
Cryptocarya alba,SP001_peumo,398236784,730508986,obs_398236784_photo_730508986.jpg,cc-by-nc,"(c) aiyen, some rights reserved (CC BY-NC)",https://www.inaturalist.org/observations/398236784,https://inaturalist-open-data.s3.amazonaws.com/photos/730508986/medium.jpg,2026-09-05,"Las Heras - Lincoyán, 4030523 Concepción, Bío Bío, Chile",research,Cryptocarya alba
Lithraea caustica,SP002_litre,383831511,702551386,obs_383831511_photo_702551386.jpg,cc-by-nc,"(c) alex10969, some rights reserved (CC BY-NC)",https://www.inaturalist.org/observations/383831511,https://inaturalist-open-data.s3.amazonaws.com/photos/702551386/medium.jpg,2026-07-21,"Recoleta, Región Metropolitana, Chile",research,Lithraea caustica
Lithraea caustica,SP002_litre,383834955,702557891,obs_383834955_photo_702557891.jpg,cc-by-nc,"(c) alex10969, some rights reserved (CC BY-NC)",https://www.inaturalist.org/observations/383834955,https://inaturalist-open-data.s3.amazonaws.com/photos/702557891/medium.jpg,2026-07-21,"Recoleta, Región Metropolitana, Chile",research,Lithraea caustica
Lithraea caustica,SP002_litre,384260619,703379240,obs_384260619_photo_703379240.jpg,cc-by-nc,"(c) Carolina P., some rights reserved (CC BY-NC)",https://www.inaturalist.org/observations/384260619,https://inaturalist-open-data.s3.amazonaws.com/photos/703379240/medium.jpg,2026-07-23,"Sendero Cerro El Carbón, Vitacura, Región Metropolitana de Santiago, CL",research,Lithraea caustica
Lithraea caustica,SP002_litre,385079387,704956018,obs_385079387_photo_704956018.jpg,cc-by-nc,"(c) qfaye, some rights reserved (CC BY-NC)",https://www.inaturalist.org/observations/385079387,https://inaturalist-open-data.s3.amazonaws.com/photos/704956018/medium.jpg,2026-07-25,"H9H9+FF, Recoleta, Providencia, Région métropolitaine de Santiago, Chili",research,Lithraea caustica
Lithraea caustica,SP002_litre,385329926,705417958,obs_385329926_photo_705417958.jpg,cc-by-nc,"(c) garec0304, some rights reserved (CC BY-NC)",https://www.inaturalist.org/observations/385329926,https://inaturalist-open-data.s3.amazonaws.com/photos/705417958/medium.jpg,2026-07-26,"El Carmen, Ñuble, Chile",research,Lithraea caustica
Lithraea caustica,SP002_litre,385421525,705595401,obs_385421525_photo_705595401.jpg,cc-by-nc,"(c) lisetteeee, some rights reserved (CC BY-NC)",https://www.inaturalist.org/observations/385421525,https://inaturalist-open-data.s3.amazonaws.com/photos/705595401/medium.jpg,2026-07-26,"Ruta I-238, Litueche, O'Higgins Region, CL",research,Lithraea caustica
Lithraea caustica,SP002_litre,385499174,705748440,obs_385499174_photo_705748440.jpg,cc-by,"(c) Cesar Ormazabal, some rights reserved (CC BY)",https://www.inaturalist.org/observations/385499174,https://inaturalist-open-data.s3.amazonaws.com/photos/705748440/medium.jpg,2023-11-08,"Santiago, Región Metropolitana, Chile",research,Lithraea caustica
Lithraea caustica,SP002_litre,386710922,708066117,obs_386710922_photo_708066117.jpg,cc-by-nc,"(c) Matias, some rights reserved (CC BY-NC)",https://www.inaturalist.org/observations/386710922,https://inaturalist-open-data.s3.amazonaws.com/photos/708066117/medium.jpg,2026-07-30,"Rancagua, O'Higgins, Chile",research,Lithraea caustica
Lithraea caustica,SP002_litre,388560622,711657806,obs_388560622_photo_711657806.jpg,cc-by-nc,"(c) Monita del monte, some rights reserved (CC BY-NC)",https://www.inaturalist.org/observations/388560622,https://inaturalist-open-data.s3.amazonaws.com/photos/711657806/medium.jpg,2026-08-05,"Sendero Guardianes de los Andes, La Reina, Santiago Metropolitan Region, CL",research,Lithraea caustica
Lithraea caustica,SP002_litre,389183776,712851699,obs_389183776_photo_712851699.jpg,cc-by-nc,"(c) liamrg, some rights reserved (CC BY-NC)",https://www.inaturalist.org/observations/389183776,https://inaturalist-open-data.s3.amazonaws.com/photos/712851699/medium.jpg,2026-08-06,"Poza de la Virgen - Parque Natural Gómez Carreño, Viña del Mar, Valparaíso Region, CL",research,Lithraea caustica
Lithraea caustica,SP002_litre,389200548,712882278,obs_389200548_photo_712882278.jpg,cc-by,"(c) Jorge Muñoz Camadro, some rights reserved (CC BY)",https://www.inaturalist.org/observations/389200548,https://inaturalist-open-data.s3.amazonaws.com/photos/712882278/medium.jpg,2026-08-06,"Melipilla, Región Metropolitana de Santiago, Chile",research,Lithraea caustica
Lithraea caustica,SP002_litre,389862573,714169921,obs_389862573_photo_714169921.jpg,cc-by-nc,"(c) myzomela, some rights reserved (CC BY-NC)",https://www.inaturalist.org/observations/389862573,https://inaturalist-open-data.s3.amazonaws.com/photos/714169921/medium.jpg,2026-08-09,"Santiago Province, Santiago Metropolitan Region, Chile",research,Lithraea caustica
Lithraea caustica,SP002_litre,389986306,714417415,obs_389986306_photo_714417415.jpg,cc-by-nc,"(c) liamrg, some rights reserved (CC BY-NC)",https://www.inaturalist.org/observations/389986306,https://inaturalist-open-data.s3.amazonaws.com/photos/714417415/medium.jpg,2026-08-06,"Poza de la Virgen - Parque Natural Gómez Carreño, Viña del Mar, Valparaíso Region, CL",research,Lithraea caustica
Lithraea caustica,SP002_litre,390106021,714648438,obs_390106021_photo_714648438.jpg,cc-by-nc,"(c) Benjamín Ignacio, some rights reserved (CC BY-NC)",https://www.inaturalist.org/observations/390106021,https://inaturalist-open-data.s3.amazonaws.com/photos/714648438/medium.jpg,2025-10-07,"Zapallar, Valparaíso, Chile",research,Lithraea caustica
Lithraea caustica,SP002_litre,390108449,714652739,obs_390108449_photo_714652739.jpg,cc-by-nc,"(c) Benjamín Ignacio, some rights reserved (CC BY-NC)",https://www.inaturalist.org/observations/390108449,https://inaturalist-open-data.s3.amazonaws.com/photos/714652739/medium.jpg,2026-01-10,"V7XC+WJ, Valparaíso, Chile",research,Lithraea caustica
Lithraea caustica,SP002_litre,390404281,715235690,obs_390404281_photo_715235690.jpg,cc-by-nc,"(c) liamrg, some rights reserved (CC BY-NC)",https://www.inaturalist.org/observations/390404281,https://inaturalist-open-data.s3.amazonaws.com/photos/715235690/medium.jpg,2026-08-08,"San Pedro, Quillota, Valparaíso Region, CL",research,Lithraea caustica
Lithraea caustica,SP002_litre,391264420,716911754,obs_391264420_photo_716911754.jpg,cc-by,"(c) Cesar Ormazabal, some rights reserved (CC BY)",https://www.inaturalist.org/observations/391264420,https://inaturalist-open-data.s3.amazonaws.com/photos/716911754/medium.jpg,2023-12-08,"Linares, Maule, Chile",research,Lithraea caustica
Lithraea caustica,SP002_litre,391649866,717667011,obs_391649866_photo_717667011.jpg,cc-by-nc,"(c) xnnx, some rights reserved (CC BY-NC)",https://www.inaturalist.org/observations/391649866,https://inaturalist-open-data.s3.amazonaws.com/photos/717667011/medium.jpg,2026-08-01,"Maipú, Región Metropolitana, Chile",research,Lithraea caustica
Lithraea caustica,SP002_litre,391794608,717938537,obs_391794608_photo_717938537.jpg,cc-by-nc,"(c) bastianuz, some rights reserved (CC BY-NC)",https://www.inaturalist.org/observations/391794608,https://inaturalist-open-data.s3.amazonaws.com/photos/717938537/medium.jpg,2026-08-09,"Ñuble, CL-BI, CL",research,Lithraea caustica
Lithraea caustica,SP002_litre,391794611,717938581,obs_391794611_photo_717938581.jpg,cc-by-nc,"(c) bastianuz, some rights reserved (CC BY-NC)",https://www.inaturalist.org/observations/391794611,https://inaturalist-open-data.s3.amazonaws.com/photos/717938581/medium.jpg,2026-08-16,"Provincia de Diguillín, Ñuble, Chile",research,Lithraea caustica
Lithraea caustica,SP002_litre,391856091,718057372,obs_391856091_photo_718057372.jpg,cc-by-nc,"(c) Martina Anais, some rights reserved (CC BY-NC)",https://www.inaturalist.org/observations/391856091,https://inaturalist-open-data.s3.amazonaws.com/photos/718057372/medium.jpg,2026-08-16,"Melipilla, Región Metropolitana, Chile",research,Lithraea caustica
Lithraea caustica,SP002_litre,391886915,718114946,obs_391886915_photo_718114946.jpg,cc-by-nc,"(c) Franco Carramiñana, some rights reserved (CC BY-NC)",https://www.inaturalist.org/observations/391886915,https://inaturalist-open-data.s3.amazonaws.com/photos/718114946/medium.jpg,2026-08-16,"PD68-Parada 1 / Punta de Rieles, 7810944 Macul, Región Metropolitana, Chile",research,Lithraea caustica
Lithraea caustica,SP002_litre,392734587,719770742,obs_392734587_photo_719770742.jpg,cc-by-nc,"(c) diegokeule, some rights reserved (CC BY-NC)",https://www.inaturalist.org/observations/392734587,https://inaturalist-open-data.s3.amazonaws.com/photos/719770742/medium.jpg,2026-08-19,"Cobquecura, Ñuble, Chile",research,Lithraea caustica
Lithraea caustica,SP002_litre,393015393,720319430,obs_393015393_photo_720319430.jpg,cc-by-nc,"(c) Álvaro, some rights reserved (CC BY-NC)",https://www.inaturalist.org/observations/393015393,https://inaturalist-open-data.s3.amazonaws.com/photos/720319430/medium.jpg,2026-08-18,"Valdivia, Los Ríos, Chile",research,Lithraea caustica
Lithraea caustica,SP002_litre,393488545,721246215,obs_393488545_photo_721246215.jpg,cc-by-nc,"(c) Algarroboceae, some rights reserved (CC BY-NC)",https://www.inaturalist.org/observations/393488545,https://inaturalist-open-data.s3.amazonaws.com/photos/721246215/medium.jpg,2026-08-21,"Algarrobo, Valparaíso, Chile",research,Lithraea caustica
Lithraea caustica,SP002_litre,393707227,721674829,obs_393707227_photo_721674829.jpg,cc-by-nc,"(c) alex10969, some rights reserved (CC BY-NC)",https://www.inaturalist.org/observations/393707227,https://inaturalist-open-data.s3.amazonaws.com/photos/721674829/medium.jpg,2026-08-09,"Peñalolén, Región Metropolitana, Chile",research,Lithraea caustica
Lithraea caustica,SP002_litre,393871141,721992660,obs_393871141_photo_721992660.jpg,cc-by-nc,"(c) Francisca Romero, some rights reserved (CC BY-NC)",https://www.inaturalist.org/observations/393871141,https://inaturalist-open-data.s3.amazonaws.com/photos/721992660/medium.jpg,2026-08-23,"Valparaíso, Chile",research,Lithraea caustica
Lithraea caustica,SP002_litre,393892282,721986582,obs_393892282_photo_721986582.jpg,cc-by-nc,"(c) Nicolás Valladares, some rights reserved (CC BY-NC)",https://www.inaturalist.org/observations/393892282,https://inaturalist-open-data.s3.amazonaws.com/photos/721986582/medium.jpg,2026-06-08,"Curicó Province, Maule, Chile",research,Lithraea caustica
Lithraea caustica,SP002_litre,394510571,723252579,obs_394510571_photo_723252579.jpg,cc-by-nc,"(c) Franco Allende, some rights reserved (CC BY-NC)",https://www.inaturalist.org/observations/394510571,https://inaturalist-open-data.s3.amazonaws.com/photos/723252579/medium.jpg,2026-08-25,"Villarrica - Magallanes, 2570428 Viña del Mar, Valparaíso, Chile",research,Lithraea caustica
Lithraea caustica,SP002_litre,395963939,726093861,obs_395963939_photo_726093861.jpg,cc-by-nc,"(c) damianrivera21, some rights reserved (CC BY-NC)",https://www.inaturalist.org/observations/395963939,https://inaturalist-open-data.s3.amazonaws.com/photos/726093861/medium.jpg,2026-08-30,"Reserva Nacional Rio de Los Cipreses, Machalí, Región del Libertador General Bernardo O'Higgins, CL",research,Lithraea caustica
Lithraea caustica,SP002_litre,396261528,726689534,obs_396261528_photo_726689534.jpg,cc-by-nc,"(c) jpr2027, some rights reserved (CC BY-NC)",https://www.inaturalist.org/observations/396261528,https://inaturalist-open-data.s3.amazonaws.com/photos/726689534/medium.jpg,2026-04-11,"San Fernando, O'Higgins, Chile",research,Lithraea caustica
Lithraea caustica,SP002_litre,396486442,727098156,obs_396486442_photo_727098156.jpg,cc-by-nc,"(c) r, some rights reserved (CC BY-NC)",https://www.inaturalist.org/observations/396486442,https://inaturalist-open-data.s3.amazonaws.com/photos/727098156/medium.jpg,2026-09-01,"Pudahuel, Santiago Metropolitan Region, CL",research,Lithraea caustica
Lithraea caustica,SP002_litre,397428287,728928538,obs_397428287_photo_728928538.jpg,cc-by-nc,"(c) Juan Miguel Cancino, some rights reserved (CC BY-NC)",https://www.inaturalist.org/observations/397428287,https://inaturalist-open-data.s3.amazonaws.com/photos/728928538/medium.jpg,2026-08-31,"Ruta L-391, Colbún, Región del Maule, CL",research,Lithraea caustica
Lithraea caustica,SP002_litre,397442526,728958430,obs_397442526_photo_728958430.jpg,cc-by-nc,"(c) Fabiola Yasna Reyes, some rights reserved (CC BY-NC)",https://www.inaturalist.org/observations/397442526,https://inaturalist-open-data.s3.amazonaws.com/photos/728958430/medium.jpg,2026-09-05,"Vitacura, Región Metropolitana, Chile",research,Lithraea caustica
Lithraea caustica,SP002_litre,397451705,728975907,obs_397451705_photo_728975907.jpg,cc-by-nc,"(c) coni romero, some rights reserved (CC BY-NC)",https://www.inaturalist.org/observations/397451705,https://inaturalist-open-data.s3.amazonaws.com/photos/728975907/medium.jpg,2026-09-05,"Porvenir, Valparaíso, Región de Valparaíso, CL",research,Lithraea caustica
Lithraea caustica,SP002_litre,397527501,729119494,obs_397527501_photo_729119494.jpg,cc-by-nc,"(c) xnnx, some rights reserved (CC BY-NC)",https://www.inaturalist.org/observations/397527501,https://inaturalist-open-data.s3.amazonaws.com/photos/729119494/medium.jpg,2026-08-29,"PI958-Parada 2 / Nudo Rinconada, Maipú, Región Metropolitana, Chile",research,Lithraea caustica
Lithraea caustica,SP002_litre,397540925,729145265,obs_397540925_photo_729145265.jpg,cc-by-nc,"(c) xnnx, some rights reserved (CC BY-NC)",https://www.inaturalist.org/observations/397540925,https://inaturalist-open-data.s3.amazonaws.com/photos/729145265/medium.jpg,2026-08-29,"Maipú, Región Metropolitana, Chile",research,Lithraea caustica
Lithraea caustica,SP002_litre,397541749,729146802,obs_397541749_photo_729146802.jpg,cc-by-nc,"(c) xnnx, some rights reserved (CC BY-NC)",https://www.inaturalist.org/observations/397541749,https://inaturalist-open-data.s3.amazonaws.com/photos/729146802/medium.jpg,2026-08-29,"Maipú, Región Metropolitana, Chile",research,Lithraea caustica
Lithraea caustica,SP002_litre,397541938,729147298,obs_397541938_photo_729147298.jpg,cc-by-nc,"(c) xnnx, some rights reserved (CC BY-NC)",https://www.inaturalist.org/observations/397541938,https://inaturalist-open-data.s3.amazonaws.com/photos/729147298/medium.jpg,2026-08-29,"Maipú, Región Metropolitana, Chile",research,Lithraea caustica
Lithraea caustica,SP002_litre,397563786,729190846,obs_397563786_photo_729190846.jpg,cc-by-nc,"(c) manselaar, some rights reserved (CC BY-NC)",https://www.inaturalist.org/observations/397563786,https://inaturalist-open-data.s3.amazonaws.com/photos/729190846/medium.jpg,2026-09-05,"Paine, Santiago Metropolitan Region, Chile",research,Lithraea caustica
Lithraea caustica,SP002_litre,397645318,729357097,obs_397645318_photo_729357097.jpg,cc-by-nc,"(c) valen cifuentes, some rights reserved (CC BY-NC)",https://www.inaturalist.org/observations/397645318,https://inaturalist-open-data.s3.amazonaws.com/photos/729357097/medium.jpg,2026-09-05,"Sendero Los Peumos, Las Condes, Santiago Metropolitan Region, CL",research,Lithraea caustica
Lithraea caustica,SP002_litre,397916863,729880393,obs_397916863_photo_729880393.jpg,cc-by-nc,"(c) Angelica Cubillos, some rights reserved (CC BY-NC)",https://www.inaturalist.org/observations/397916863,https://inaturalist-open-data.s3.amazonaws.com/photos/729880393/medium.jpg,2026-09-06,"Mulchén, Bío Bío, Chile",research,Lithraea caustica
Lithraea caustica,SP002_litre,398013068,730248694,obs_398013068_photo_730248694.jpg,cc-by-nc,"(c) Joaquín Hernández, some rights reserved (CC BY-NC)",https://www.inaturalist.org/observations/398013068,https://inaturalist-open-data.s3.amazonaws.com/photos/730248694/medium.jpg,2026-09-06,"Sendero Patrimonial Los Quillayes, La Florida, Santiago Metropolitan Region, CL",research,Lithraea caustica
Lithraea caustica,SP002_litre,398889839,731791772,obs_398889839_photo_731791772.jpg,cc-by,"(c) Cochi González, some rights reserved (CC BY)",https://www.inaturalist.org/observations/398889839,https://inaturalist-open-data.s3.amazonaws.com/photos/731791772/medium.jpg,2026-05-02,"Catemu, Valparaíso, Chile",research,Lithraea caustica
Lithraea caustica,SP002_litre,399374023,732719280,obs_399374023_photo_732719280.jpg,cc-by-nc,"(c) pablo_nelson, some rights reserved (CC BY-NC)",https://www.inaturalist.org/observations/399374023,https://inaturalist-open-data.s3.amazonaws.com/photos/732719280/medium.jpg,2026-08-30,"Cardenal Caro, O'Higgins, Chile",research,Lithraea caustica
Lithraea caustica,SP002_litre,399591996,733143992,obs_399591996_photo_733143992.jpg,cc-by-nc,"(c) Rodrigo Salas, some rights reserved (CC BY-NC)",https://www.inaturalist.org/observations/399591996,https://inaturalist-open-data.s3.amazonaws.com/photos/733143992/medium.jpg,2026-09-12,"Placilla, O'Higgins, Chile",research,Lithraea caustica
Lithraea caustica,SP002_litre,399875643,733705380,obs_399875643_photo_733705380.jpg,cc-by-nc,"(c) María Trinidad Olivares, some rights reserved (CC BY-NC)",https://www.inaturalist.org/observations/399875643,https://inaturalist-open-data.s3.amazonaws.com/photos/733705380/medium.jpg,2026-09-13,"Las Condes, Región Metropolitana, Chile",research,Lithraea caustica
Lithraea caustica,SP002_litre,399878231,733709623,obs_399878231_photo_733709623.jpg,cc-by-nc,"(c) César Piñones Cañete, some rights reserved (CC BY-NC)",https://www.inaturalist.org/observations/399878231,https://inaturalist-open-data.s3.amazonaws.com/photos/733709623/medium.jpg,2026-09-13,"La Ligua, Valparaíso, Chile",research,Lithraea caustica
Lithraea caustica,SP002_litre,400098590,734136365,obs_400098590_photo_734136365.jpg,cc-by,"(c) Bruno Avilez, some rights reserved (CC BY)",https://www.inaturalist.org/observations/400098590,https://inaturalist-open-data.s3.amazonaws.com/photos/734136365/medium.jpg,2026-09-13,"Concepción, Bío Bío, Chile",research,Lithraea caustica
Lithraea caustica,SP002_litre,400101811,734143747,obs_400101811_photo_734143747.jpg,cc-by,"(c) Bruno Avilez, some rights reserved (CC BY)",https://www.inaturalist.org/observations/400101811,https://inaturalist-open-data.s3.amazonaws.com/photos/734143747/medium.jpg,2026-09-13,"Concepción, Bío-Bío, Chile",research,Lithraea caustica
Kageneckia oblonga,SP003_bollen,374093913,683729281,obs_374093913_photo_683729281.jpg,cc-by-nc,"(c) auravuelo, some rights reserved (CC BY-NC)",https://www.inaturalist.org/observations/374093913,https://inaturalist-open-data.s3.amazonaws.com/photos/683729281/medium.jpg,2026-04-09,"Apalta, Santa Cruz, Región del Libertador General Bernardo O'Higgins, CL",research,Kageneckia oblonga
Kageneckia oblonga,SP003_bollen,375433062,686339879,obs_375433062_photo_686339879.jpg,cc-by-nc,"(c) Sebastián Catalán benítez, some rights reserved (CC BY-NC)",https://www.inaturalist.org/observations/375433062,https://inaturalist-open-data.s3.amazonaws.com/photos/686339879/medium.jpg,2026-06-25,"Apalta, Santa Cruz, Región del Libertador General Bernardo O'Higgins, CL",research,Kageneckia oblonga
Kageneckia oblonga,SP003_bollen,376623237,688632196,obs_376623237_photo_688632196.jpg,cc-by-nc,"(c) alex10969, some rights reserved (CC BY-NC)",https://www.inaturalist.org/observations/376623237,https://inaturalist-open-data.s3.amazonaws.com/photos/688632196/medium.jpg,2026-06-29,"PD1028-Av. José Arrieta / esq. Av. Consistorial, La Reina, Región Metropolitana, Chile",research,Kageneckia oblonga
Kageneckia oblonga,SP003_bollen,376836464,689048175,obs_376836464_photo_689048175.jpg,cc-by-nc,"(c) alex10969, some rights reserved (CC BY-NC)",https://www.inaturalist.org/observations/376836464,https://inaturalist-open-data.s3.amazonaws.com/photos/689048175/medium.jpg,2026-06-29,"Las Condes, Región Metropolitana, Chile",research,Kageneckia oblonga
Kageneckia oblonga,SP003_bollen,376908122,689182450,obs_376908122_photo_689182450.jpg,cc-by-nc,"(c) alex10969, some rights reserved (CC BY-NC)",https://www.inaturalist.org/observations/376908122,https://inaturalist-open-data.s3.amazonaws.com/photos/689182450/medium.jpg,2026-06-29,"Las Condes, Región Metropolitana, Chile",research,Kageneckia oblonga
Kageneckia oblonga,SP003_bollen,377323488,689980026,obs_377323488_photo_689980026.jpg,cc-by,"(c) Bruno Avilez, some rights reserved (CC BY)",https://www.inaturalist.org/observations/377323488,https://inaturalist-open-data.s3.amazonaws.com/photos/689980026/medium.jpg,2026-07-01,"Concepción, Bío Bío, Chile",research,Kageneckia oblonga
Kageneckia oblonga,SP003_bollen,377323499,689980716,obs_377323499_photo_689980716.jpg,cc-by,"(c) Bruno Avilez, some rights reserved (CC BY)",https://www.inaturalist.org/observations/377323499,https://inaturalist-open-data.s3.amazonaws.com/photos/689980716/medium.jpg,2026-07-01,"Concepción, Bío Bío, Chile",research,Kageneckia oblonga
Kageneckia oblonga,SP003_bollen,377323509,689980942,obs_377323509_photo_689980942.jpg,cc-by,"(c) Bruno Avilez, some rights reserved (CC BY)",https://www.inaturalist.org/observations/377323509,https://inaturalist-open-data.s3.amazonaws.com/photos/689980942/medium.jpg,2026-07-01,"Concepción, Bío Bío, Chile",research,Kageneckia oblonga
Kageneckia oblonga,SP003_bollen,378221336,691718143,obs_378221336_photo_691718143.jpg,cc-by-nc,"(c) Carolina P., some rights reserved (CC BY-NC)",https://www.inaturalist.org/observations/378221336,https://inaturalist-open-data.s3.amazonaws.com/photos/691718143/medium.jpg,2026-07-02,"Quebrada de Córdova, El Quisco, Región de Valparaíso, CL",research,Kageneckia oblonga
Kageneckia oblonga,SP003_bollen,378606062,692460680,obs_378606062_photo_692460680.jpg,cc-by,"(c) Gabriela Cartes, some rights reserved (CC BY)",https://www.inaturalist.org/observations/378606062,https://inaturalist-open-data.s3.amazonaws.com/photos/692460680/medium.jpg,2026-07-04,"Santuario de la Naturaleza Cerro Poqui, Coltauco, Región del Libertador General Bernardo O'Higgins, CL",research,Kageneckia oblonga
Kageneckia oblonga,SP003_bollen,380407161,695944834,obs_380407161_photo_695944834.jpg,cc-by-nc,"(c) Sarai Loreto Iglesias Gutiérrez, some rights reserved (CC BY-NC)",https://www.inaturalist.org/observations/380407161,https://inaturalist-open-data.s3.amazonaws.com/photos/695944834/medium.jpg,2026-07-11,"Sendero Cerro El Carbón, Vitacura, Santiago Metropolitan Region, CL",research,Kageneckia oblonga
Kageneckia oblonga,SP003_bollen,380881309,696860794,obs_380881309_photo_696860794.jpg,cc-by-nc,"(c) Antonia Amancay S., some rights reserved (CC BY-NC)",https://www.inaturalist.org/observations/380881309,https://inaturalist-open-data.s3.amazonaws.com/photos/696860794/medium.jpg,2026-07-12,"Sendero a Calabozo del Diablo, San José de Maipo, Santiago Metropolitan Region, CL",research,Kageneckia oblonga
Kageneckia oblonga,SP003_bollen,381248128,697572605,obs_381248128_photo_697572605.jpg,cc-by-nc,"(c) Apuntes de la naturaleza, some rights reserved (CC BY-NC)",https://www.inaturalist.org/observations/381248128,https://inaturalist-open-data.s3.amazonaws.com/photos/697572605/medium.jpg,2026-06-13,"El Quisco, Valparaíso, Chile",research,Kageneckia oblonga
Kageneckia oblonga,SP003_bollen,382135083,699288919,obs_382135083_photo_699288919.jpg,cc-by-nc,"(c) alex10969, some rights reserved (CC BY-NC)",https://www.inaturalist.org/observations/382135083,https://inaturalist-open-data.s3.amazonaws.com/photos/699288919/medium.jpg,2026-07-15,"Huechuraba, Región Metropolitana, Chile",research,Kageneckia oblonga
Kageneckia oblonga,SP003_bollen,383059595,701062801,obs_383059595_photo_701062801.jpg,cc-by-nc,"(c) Patricia Barahona, some rights reserved (CC BY-NC)",https://www.inaturalist.org/observations/383059595,https://inaturalist-open-data.s3.amazonaws.com/photos/701062801/medium.jpg,2026-07-19,"Algarrobo, Valparaíso, Chile",research,Kageneckia oblonga
Kageneckia oblonga,SP003_bollen,383369717,701663835,obs_383369717_photo_701663835.jpg,cc-by-nc,"(c) Algarroboceae, some rights reserved (CC BY-NC)",https://www.inaturalist.org/observations/383369717,https://inaturalist-open-data.s3.amazonaws.com/photos/701663835/medium.jpg,2026-07-19,"Algarrobo, Valparaíso, Chile",research,Kageneckia oblonga
Kageneckia oblonga,SP003_bollen,383449592,701819527,obs_383449592_photo_701819527.jpg,cc-by-nc,"(c) tomasirarrazabal, some rights reserved (CC BY-NC)",https://www.inaturalist.org/observations/383449592,https://inaturalist-open-data.s3.amazonaws.com/photos/701819527/medium.jpg,2026-01-02,"Graneros, O'Higgins Region, CL",research,Kageneckia oblonga
Kageneckia oblonga,SP003_bollen,383657013,702215085,obs_383657013_photo_702215085.jpg,cc-by-nc,"(c) santiago_cuadral, some rights reserved (CC BY-NC)",https://www.inaturalist.org/observations/383657013,https://inaturalist-open-data.s3.amazonaws.com/photos/702215085/medium.jpg,2026-05-16,"Santiago, CL-RM, CL",research,Kageneckia oblonga
Kageneckia oblonga,SP003_bollen,383684907,702267234,obs_383684907_photo_702267234.jpg,cc-by-nc,"(c) Benjamin Normark, some rights reserved (CC BY-NC)",https://www.inaturalist.org/observations/383684907,https://inaturalist-open-data.s3.amazonaws.com/photos/702267234/medium.jpg,2025-12-13,"Conexión Parque San Carlos de Apoquindo-La Plaza Sur, Las Condes, Santiago Metropolitan Region, CL",research,Kageneckia oblonga
Kageneckia oblonga,SP003_bollen,384426518,703701691,obs_384426518_photo_703701691.jpg,cc-by-nc,"(c) Carolina P., some rights reserved (CC BY-NC)",https://www.inaturalist.org/observations/384426518,https://inaturalist-open-data.s3.amazonaws.com/photos/703701691/medium.jpg,2026-07-23,"Bosque Santiago, Huechuraba, Región Metropolitana de Santiago, CL",research,Kageneckia oblonga
Kageneckia oblonga,SP003_bollen,385498274,705746586,obs_385498274_photo_705746586.jpg,cc-by,"(c) Cesar Ormazabal, some rights reserved (CC BY)",https://www.inaturalist.org/observations/385498274,https://inaturalist-open-data.s3.amazonaws.com/photos/705746586/medium.jpg,2023-11-08,"Las Condes, Región Metropolitana, Chile",research,Kageneckia oblonga
Kageneckia oblonga,SP003_bollen,385689236,706109374,obs_385689236_photo_706109374.jpg,cc-by-nc,"(c) alex10969, some rights reserved (CC BY-NC)",https://www.inaturalist.org/observations/385689236,https://inaturalist-open-data.s3.amazonaws.com/photos/706109374/medium.jpg,2026-07-26,"JG86+58, Las Condes, Región Metropolitana, Chile",research,Kageneckia oblonga
Kageneckia oblonga,SP003_bollen,386080548,706862894,obs_386080548_photo_706862894.jpg,cc-by-nc,"(c) Felipe Lucero Díaz, some rights reserved (CC BY-NC)",https://www.inaturalist.org/observations/386080548,https://inaturalist-open-data.s3.amazonaws.com/photos/706862894/medium.jpg,2026-07-26,"El Durazno, Las Cabras, O'Higgins Region, CL",research,Kageneckia oblonga
Kageneckia oblonga,SP003_bollen,387978535,710513936,obs_387978535_photo_710513936.jpg,cc-by-nc,"(c) manuel_larrain, some rights reserved (CC BY-NC)",https://www.inaturalist.org/observations/387978535,https://inaturalist-open-data.s3.amazonaws.com/photos/710513936/medium.jpg,2026-08-01,"Conexión Parque San Carlos de Apoquindo-La Plaza Sur, Las Condes, Santiago Metropolitan Region, CL",research,Kageneckia oblonga
Kageneckia oblonga,SP003_bollen,389171140,712814236,obs_389171140_photo_712814236.jpg,cc-by-nc,"(c) Martín P. Burgos, some rights reserved (CC BY-NC)",https://www.inaturalist.org/observations/389171140,https://inaturalist-open-data.s3.amazonaws.com/photos/712814236/medium.jpg,2026-08-06,"Cordillera, Región Metropolitana, Chile",research,Kageneckia oblonga
Kageneckia oblonga,SP003_bollen,389171146,712814419,obs_389171146_photo_712814419.jpg,cc-by-nc,"(c) Martín P. Burgos, some rights reserved (CC BY-NC)",https://www.inaturalist.org/observations/389171146,https://inaturalist-open-data.s3.amazonaws.com/photos/712814419/medium.jpg,2026-08-06,"Cordillera, Región Metropolitana, Chile",research,Kageneckia oblonga
Kageneckia oblonga,SP003_bollen,389171148,712814513,obs_389171148_photo_712814513.jpg,cc-by-nc,"(c) Martín P. Burgos, some rights reserved (CC BY-NC)",https://www.inaturalist.org/observations/389171148,https://inaturalist-open-data.s3.amazonaws.com/photos/712814513/medium.jpg,2026-08-06,"Cordillera, Región Metropolitana, Chile",research,Kageneckia oblonga
Kageneckia oblonga,SP003_bollen,390192569,714824752,obs_390192569_photo_714824752.jpg,cc-by-nc,"(c) Carolina León, some rights reserved (CC BY-NC)",https://www.inaturalist.org/observations/390192569,https://inaturalist-open-data.s3.amazonaws.com/photos/714824752/medium.jpg,2026-08-05,"Sendero del Morro, San Fernando, O'Higgins Region, CL",research,Kageneckia oblonga
Kageneckia oblonga,SP003_bollen,390400914,715228814,obs_390400914_photo_715228814.jpg,cc-by-nc,"(c) liamrg, some rights reserved (CC BY-NC)",https://www.inaturalist.org/observations/390400914,https://inaturalist-open-data.s3.amazonaws.com/photos/715228814/medium.jpg,2026-08-08,"San Pedro, Quillota, Valparaíso Region, CL",research,Kageneckia oblonga
Kageneckia oblonga,SP003_bollen,390404421,715235987,obs_390404421_photo_715235987.jpg,cc-by-nc,"(c) liamrg, some rights reserved (CC BY-NC)",https://www.inaturalist.org/observations/390404421,https://inaturalist-open-data.s3.amazonaws.com/photos/715235987/medium.jpg,2026-08-08,"San Pedro, Quillota, Valparaíso Region, CL",research,Kageneckia oblonga
Kageneckia oblonga,SP003_bollen,390601986,715620765,obs_390601986_photo_715620765.jpg,cc-by-nc,"(c) liamrg, some rights reserved (CC BY-NC)",https://www.inaturalist.org/observations/390601986,https://inaturalist-open-data.s3.amazonaws.com/photos/715620765/medium.jpg,2026-08-08,"Parque Nacional La Campana, Quillota, Valparaíso Region, CL",research,Kageneckia oblonga
Kageneckia oblonga,SP003_bollen,391242567,716868601,obs_391242567_photo_716868601.jpg,cc-by,"(c) Cesar Ormazabal, some rights reserved (CC BY)",https://www.inaturalist.org/observations/391242567,https://inaturalist-open-data.s3.amazonaws.com/photos/716868601/medium.jpg,2023-12-08,"Linares, Maule, Chile",research,Kageneckia oblonga
Kageneckia oblonga,SP003_bollen,391880993,718103928,obs_391880993_photo_718103928.jpg,cc-by-nc,"(c) andreabot_, some rights reserved (CC BY-NC)",https://www.inaturalist.org/observations/391880993,https://inaturalist-open-data.s3.amazonaws.com/photos/718103928/medium.jpg,2026-08-16,"Treguaco, Ñuble, Chile",research,Kageneckia oblonga
Kageneckia oblonga,SP003_bollen,392011237,718357036,obs_392011237_photo_718357036.jpg,cc-by-nc,"(c) eltontitodelosbichos, some rights reserved (CC BY-NC)",https://www.inaturalist.org/observations/392011237,https://inaturalist-open-data.s3.amazonaws.com/photos/718357036/medium.jpg,2026-08-16,"Región Metropolitana de Santiago, CL",research,Kageneckia oblonga
Kageneckia oblonga,SP003_bollen,393698546,721656865,obs_393698546_photo_721656865.jpg,cc-by-nc,"(c) liamrg, some rights reserved (CC BY-NC)",https://www.inaturalist.org/observations/393698546,https://inaturalist-open-data.s3.amazonaws.com/photos/721656865/medium.jpg,2026-08-22,"Ruta Mirador Natural de Cóndores, San José de Maipo, Santiago Metropolitan Region, CL",research,Kageneckia oblonga
Kageneckia oblonga,SP003_bollen,393698923,721657474,obs_393698923_photo_721657474.jpg,cc-by-nc,"(c) liamrg, some rights reserved (CC BY-NC)",https://www.inaturalist.org/observations/393698923,https://inaturalist-open-data.s3.amazonaws.com/photos/721657474/medium.jpg,2026-08-22,"Ruta Mirador Natural de Cóndores, San José de Maipo, Santiago Metropolitan Region, CL",research,Kageneckia oblonga
Kageneckia oblonga,SP003_bollen,393889999,722032167,obs_393889999_photo_722032167.jpg,cc-by-nc,"(c) Francisca Romero, some rights reserved (CC BY-NC)",https://www.inaturalist.org/observations/393889999,https://inaturalist-open-data.s3.amazonaws.com/photos/722032167/medium.jpg,2026-08-23,"Valparaíso, Chile",research,Kageneckia oblonga
Kageneckia oblonga,SP003_bollen,395959126,726083917,obs_395959126_photo_726083917.jpg,cc0,no rights reserved,https://www.inaturalist.org/observations/395959126,https://inaturalist-open-data.s3.amazonaws.com/photos/726083917/medium.jpg,2026-08-30,"Camino Principal, Laguna Verde, Valparaíso, Chile",research,Kageneckia oblonga
Kageneckia oblonga,SP003_bollen,395999426,726167118,obs_395999426_photo_726167118.jpg,cc-by-nc,"(c) JUAN JOSÉ GUZMÁN, some rights reserved (CC BY-NC)",https://www.inaturalist.org/observations/395999426,https://inaturalist-open-data.s3.amazonaws.com/photos/726167118/medium.jpg,2026-08-28,"Vitacura, Santiago Metropolitan Region, CL",research,Kageneckia oblonga
Kageneckia oblonga,SP003_bollen,396976775,728044067,obs_396976775_photo_728044067.jpg,cc-by-nc,"(c) valentina olmedo, some rights reserved (CC BY-NC)",https://www.inaturalist.org/observations/396976775,https://inaturalist-open-data.s3.amazonaws.com/photos/728044067/medium.jpg,2026-09-03,"Peñalolén, Región Metropolitana, Chile",research,Kageneckia oblonga
Kageneckia oblonga,SP003_bollen,398013240,730255272,obs_398013240_photo_730255272.jpg,cc-by-nc,"(c) Joaquín Hernández, some rights reserved (CC BY-NC)",https://www.inaturalist.org/observations/398013240,https://inaturalist-open-data.s3.amazonaws.com/photos/730255272/medium.jpg,2026-09-06,"Calle Seis, La Florida, Santiago Metropolitan Region, CL",research,Kageneckia oblonga
Kageneckia oblonga,SP003_bollen,398755418,731521186,obs_398755418_photo_731521186.jpg,cc-by-nc,"(c) alepereira, some rights reserved (CC BY-NC)",https://www.inaturalist.org/observations/398755418,https://inaturalist-open-data.s3.amazonaws.com/photos/731521186/medium.jpg,2026-09-05,"Sendero Mirador de la U (1369 m), Peñalolén, Santiago Metropolitan Region, CL",research,Kageneckia oblonga
Kageneckia oblonga,SP003_bollen,398882956,731779180,obs_398882956_photo_731779180.jpg,cc-by,"(c) Cochi González, some rights reserved (CC BY)",https://www.inaturalist.org/observations/398882956,https://inaturalist-open-data.s3.amazonaws.com/photos/731779180/medium.jpg,2026-05-02,"Catemu, Valparaíso, Chile",research,Kageneckia oblonga
Kageneckia oblonga,SP003_bollen,399561853,733086280,obs_399561853_photo_733086280.jpg,cc-by-nc,"(c) diegokeule, some rights reserved (CC BY-NC)",https://www.inaturalist.org/observations/399561853,https://inaturalist-open-data.s3.amazonaws.com/photos/733086280/medium.jpg,2026-09-12,"Rauco, Maule, Chile",research,Kageneckia oblonga
Kageneckia oblonga,SP003_bollen,399591743,733143587,obs_399591743_photo_733143587.jpg,cc-by-nc,"(c) Rodrigo Salas, some rights reserved (CC BY-NC)",https://www.inaturalist.org/observations/399591743,https://inaturalist-open-data.s3.amazonaws.com/photos/733143587/medium.jpg,2026-09-12,"San Fernando, O'Higgins, Chile",research,Kageneckia oblonga
Kageneckia oblonga,SP003_bollen,399877996,733709052,obs_399877996_photo_733709052.jpg,cc-by-nc,"(c) claulizama, some rights reserved (CC BY-NC)",https://www.inaturalist.org/observations/399877996,https://inaturalist-open-data.s3.amazonaws.com/photos/733709052/medium.jpg,2026-09-13,"Sendero Los Peumos, Las Condes, Santiago Metropolitan Region, CL",research,Kageneckia oblonga
Kageneckia oblonga,SP003_bollen,399886661,733726069,obs_399886661_photo_733726069.jpg,cc-by-nc,"(c) Tomas Olivares, some rights reserved (CC BY-NC)",https://www.inaturalist.org/observations/399886661,https://inaturalist-open-data.s3.amazonaws.com/photos/733726069/medium.jpg,2026-09-13,"Las Condes, Región Metropolitana, Chile",research,Kageneckia oblonga
Kageneckia oblonga,SP003_bollen,399886738,733726303,obs_399886738_photo_733726303.jpg,cc-by-nc,"(c) María Trinidad Olivares, some rights reserved (CC BY-NC)",https://www.inaturalist.org/observations/399886738,https://inaturalist-open-data.s3.amazonaws.com/photos/733726303/medium.jpg,2026-09-13,"PC630-Camino El Alba / esq. Camino Otoñal, Las Condes, Región Metropolitana, Chile",research,Kageneckia oblonga
Kageneckia oblonga,SP003_bollen,399887403,733727795,obs_399887403_photo_733727795.jpg,cc-by-nc,"(c) María Trinidad Olivares, some rights reserved (CC BY-NC)",https://www.inaturalist.org/observations/399887403,https://inaturalist-open-data.s3.amazonaws.com/photos/733727795/medium.jpg,2026-09-13,"JG86+58, Las Condes, Región Metropolitana, Chile",research,Kageneckia oblonga
Kageneckia oblonga,SP003_bollen,400083543,734109343,obs_400083543_photo_734109343.jpg,cc-by-nc,"(c) mgbarnes, some rights reserved (CC BY-NC)",https://www.inaturalist.org/observations/400083543,https://inaturalist-open-data.s3.amazonaws.com/photos/734109343/medium.jpg,2026-09-13,Ovalle,research,Kageneckia oblonga
Podanthus mitiqui,SP004_mitique,331149686,600665709,obs_331149686_photo_600665709.jpg,cc-by-nc,"(c) MARTIN IGNACIO VASQUEZ GUTIERREZ, some rights reserved (CC BY-NC)",https://www.inaturalist.org/observations/331149686,https://inaturalist-open-data.s3.amazonaws.com/photos/600665709/medium.jpg,2025-09-16,"George Washington - San Martin, Valparaíso, Chile",research,Podanthus mitiqui
Podanthus mitiqui,SP004_mitique,331301245,600980791,obs_331301245_photo_600980791.jpg,cc-by-nc,"(c) José Patricio Rojas Santana, some rights reserved (CC BY-NC)",https://www.inaturalist.org/observations/331301245,https://inaturalist-open-data.s3.amazonaws.com/photos/600980791/medium.jpg,2025-05-28,Laguna Junquillar (San Pedro de La Paz),research,Podanthus mitiqui
Podanthus mitiqui,SP004_mitique,331376588,601134622,obs_331376588_photo_601134622.jpg,cc-by-nc,"(c) Mitolo Tl, some rights reserved (CC BY-NC)",https://www.inaturalist.org/observations/331376588,https://inaturalist-open-data.s3.amazonaws.com/photos/601134622/medium.jpg,2025-11-08,"Valparaiso, Valparaíso, Chile",research,Podanthus mitiqui
Podanthus mitiqui,SP004_mitique,332395783,603225085,obs_332395783_photo_603225085.jpg,cc-by-nc,"(c) Mitolo Tl, some rights reserved (CC BY-NC)",https://www.inaturalist.org/observations/332395783,https://inaturalist-open-data.s3.amazonaws.com/photos/603225085/medium.jpg,2025-10-25,"Valparaiso, Valparaíso, Chile",research,Podanthus mitiqui
Podanthus mitiqui,SP004_mitique,333540180,605549537,obs_333540180_photo_605549537.jpg,cc-by-nc,"(c) Mónica Soto Barahona, some rights reserved (CC BY-NC)",https://www.inaturalist.org/observations/333540180,https://inaturalist-open-data.s3.amazonaws.com/photos/605549537/medium.jpg,2025-09-23,"Marga Marga, Valparaíso, Chile",research,Podanthus mitiqui
Podanthus mitiqui,SP004_mitique,334734159,607940100,obs_334734159_photo_607940100.jpg,cc-by,"(c) nebrooks, some rights reserved (CC BY)",https://www.inaturalist.org/observations/334734159,https://inaturalist-open-data.s3.amazonaws.com/photos/607940100/medium.jpg,2026-01-14,"Sendero Peatonal Atacameño, Providencia, Santiago Metropolitan Region, CL",research,Podanthus mitiqui
Podanthus mitiqui,SP004_mitique,336231090,610961567,obs_336231090_photo_610961567.jpg,cc-by-nc,"(c) @Cony_Frost, some rights reserved (CC BY-NC)",https://www.inaturalist.org/observations/336231090,https://inaturalist-open-data.s3.amazonaws.com/photos/610961567/medium.jpg,2026-01-24,Biocorredor Mapocho El Trebal,research,Podanthus mitiqui
Podanthus mitiqui,SP004_mitique,336628470,611767503,obs_336628470_photo_611767503.jpg,cc-by-nc,"(c) r, some rights reserved (CC BY-NC)",https://www.inaturalist.org/observations/336628470,https://inaturalist-open-data.s3.amazonaws.com/photos/611767503/medium.jpg,2026-01-29,"Colina, Colina, Santiago Metropolitan Region, CL",research,Podanthus mitiqui
Podanthus mitiqui,SP004_mitique,336640713,611791617,obs_336640713_photo_611791617.jpg,cc-by,"(c) Cesar Ormazabal, some rights reserved (CC BY)",https://www.inaturalist.org/observations/336640713,https://inaturalist-open-data.s3.amazonaws.com/photos/611791617/medium.jpg,2026-01-15,"Curicó, Maule, Chile",research,Podanthus mitiqui
Podanthus mitiqui,SP004_mitique,336661591,611836336,obs_336661591_photo_611836336.jpg,cc-by-nc,"(c) Fabrizzio Ausensi, some rights reserved (CC BY-NC)",https://www.inaturalist.org/observations/336661591,https://inaturalist-open-data.s3.amazonaws.com/photos/611836336/medium.jpg,2026-01-29,"Quebrada Verde, Valparaíso, Región de Valparaíso, CL",research,Podanthus mitiqui
Podanthus mitiqui,SP004_mitique,337466418,613478873,obs_337466418_photo_613478873.jpg,cc-by,"(c) Cesar Ormazabal, some rights reserved (CC BY)",https://www.inaturalist.org/observations/337466418,https://inaturalist-open-data.s3.amazonaws.com/photos/613478873/medium.jpg,2026-01-15,"Curicó, Maule, Chile",research,Podanthus mitiqui
Podanthus mitiqui,SP004_mitique,339817898,618256230,obs_339817898_photo_618256230.jpg,cc-by-nc,"(c) orlandomontes, some rights reserved (CC BY-NC)",https://www.inaturalist.org/observations/339817898,https://inaturalist-open-data.s3.amazonaws.com/photos/618256230/medium.jpg,2025-11-18,"San Antonio, Valparaíso, Chile",research,Podanthus mitiqui
Podanthus mitiqui,SP004_mitique,340502456,619654412,obs_340502456_photo_619654412.jpg,cc-by-nc,"(c) r, some rights reserved (CC BY-NC)",https://www.inaturalist.org/observations/340502456,https://inaturalist-open-data.s3.amazonaws.com/photos/619654412/medium.jpg,2026-02-27,"Cuesta Chacabuco, Colina, Santiago Metropolitan Region, CL",research,Podanthus mitiqui
Podanthus mitiqui,SP004_mitique,341317439,621321147,obs_341317439_photo_621321147.jpg,cc-by,"(c) Cesar Ormazabal, some rights reserved (CC BY)",https://www.inaturalist.org/observations/341317439,https://inaturalist-open-data.s3.amazonaws.com/photos/621321147/medium.jpg,2023-10-15,"Quillota, Valparaíso, Chile",research,Podanthus mitiqui
Podanthus mitiqui,SP004_mitique,343018395,624749565,obs_343018395_photo_624749565.jpg,cc-by,"(c) Cesar Ormazabal, some rights reserved (CC BY)",https://www.inaturalist.org/observations/343018395,https://inaturalist-open-data.s3.amazonaws.com/photos/624749565/medium.jpg,2023-10-14,"Quillota, Valparaíso, Chile",research,Podanthus mitiqui
Podanthus mitiqui,SP004_mitique,344951178,628572670,obs_344951178_photo_628572670.jpg,cc-by,"(c) Cesar Ormazabal, some rights reserved (CC BY)",https://www.inaturalist.org/observations/344951178,https://inaturalist-open-data.s3.amazonaws.com/photos/628572670/medium.jpg,2012-11-02,"Segunda Quebrada, Sendero La Leonera, Oasis de la Campana, Chile",research,Podanthus mitiqui
Podanthus mitiqui,SP004_mitique,350102440,638738924,obs_350102440_photo_638738924.jpg,cc-by,"(c) Cesar Ormazabal, some rights reserved (CC BY)",https://www.inaturalist.org/observations/350102440,https://inaturalist-open-data.s3.amazonaws.com/photos/638738924/medium.jpg,2021-09-26,"Faldeo norte cerro El Peumo, Oasis de la Campana, Hijuelas, Valparaíso, Chile",research,Podanthus mitiqui
Podanthus mitiqui,SP004_mitique,350345650,639217570,obs_350345650_photo_639217570.jpg,cc-by,"(c) Cesar Ormazabal, some rights reserved (CC BY)",https://www.inaturalist.org/observations/350345650,https://inaturalist-open-data.s3.amazonaws.com/photos/639217570/medium.jpg,2021-10-24,"Cerro Pedregoso, Oasis de la Campana, Hijuelas, Valparaíso, Chile",research,Podanthus mitiqui
Podanthus mitiqui,SP004_mitique,350847602,640195910,obs_350847602_photo_640195910.jpg,cc-by-nc,"(c) Diego Araneda, some rights reserved (CC BY-NC)",https://www.inaturalist.org/observations/350847602,https://inaturalist-open-data.s3.amazonaws.com/photos/640195910/medium.jpg,2026-04-18,"PF1106-Av. Paseo Pie Andino / esq. Cerro Pochoco, Puente Alto, Región Metropolitana, Chile",research,Podanthus mitiqui
Podanthus mitiqui,SP004_mitique,350888676,640269680,obs_350888676_photo_640269680.jpg,cc-by-nc,"(c) Diego Araneda, some rights reserved (CC BY-NC)",https://www.inaturalist.org/observations/350888676,https://inaturalist-open-data.s3.amazonaws.com/photos/640269680/medium.jpg,2026-04-18,"Puente Alto, Región Metropolitana, Chile",research,Podanthus mitiqui
Podanthus mitiqui,SP004_mitique,351005922,640488401,obs_351005922_photo_640488401.jpg,cc-by-nc,"(c) Camilo, some rights reserved (CC BY-NC)",https://www.inaturalist.org/observations/351005922,https://inaturalist-open-data.s3.amazonaws.com/photos/640488401/medium.jpg,2025-09-05,"Los Vilos, Coquimbo, Chile",research,Podanthus mitiqui
Podanthus mitiqui,SP004_mitique,354522161,646720074,obs_354522161_photo_646720074.jpg,cc-by-nc,"(c) francisco-abasolo, some rights reserved (CC BY-NC)",https://www.inaturalist.org/observations/354522161,https://inaturalist-open-data.s3.amazonaws.com/photos/646720074/medium.jpg,2026-04-26,"Talagante, CL-RM, CL",research,Podanthus mitiqui
Podanthus mitiqui,SP004_mitique,363221746,663005418,obs_363221746_photo_663005418.jpg,cc-by-nc,"(c) Paulina Sofía, some rights reserved (CC BY-NC)",https://www.inaturalist.org/observations/363221746,https://inaturalist-open-data.s3.amazonaws.com/photos/663005418/medium.jpg,2024-07-30,"Calle Nueve - Quinta, 2550253 Viña del Mar, Valparaíso, Chile",research,Podanthus mitiqui
Podanthus mitiqui,SP004_mitique,367205665,669877251,obs_367205665_photo_669877251.jpg,cc-by-nc,"(c) Martín P. Burgos, some rights reserved (CC BY-NC)",https://www.inaturalist.org/observations/367205665,https://inaturalist-open-data.s3.amazonaws.com/photos/669877251/medium.jpg,2026-05-30,"Maipo, Región Metropolitana, Chile",research,Podanthus mitiqui
Podanthus mitiqui,SP004_mitique,372597532,680876254,obs_372597532_photo_680876254.jpg,cc-by-nc,"(c) Beatriz, some rights reserved (CC BY-NC)",https://www.inaturalist.org/observations/372597532,https://inaturalist-open-data.s3.amazonaws.com/photos/680876254/medium.jpg,2026-06-17,"Melipilla, Región Metropolitana, Chile",research,Podanthus mitiqui
Podanthus mitiqui,SP004_mitique,372785709,681228942,obs_372785709_photo_681228942.jpg,cc-by-nc,"(c) orlandomontes, some rights reserved (CC BY-NC)",https://www.inaturalist.org/observations/372785709,https://inaturalist-open-data.s3.amazonaws.com/photos/681228942/medium.jpg,2022-09-14,"Valparaiso, Valparaíso, Chile",research,Podanthus mitiqui
Podanthus mitiqui,SP004_mitique,374042815,683631710,obs_374042815_photo_683631710.jpg,cc-by,"(c) Cesar Ormazabal, some rights reserved (CC BY)",https://www.inaturalist.org/observations/374042815,https://inaturalist-open-data.s3.amazonaws.com/photos/683631710/medium.jpg,2022-09-11,"Quillota, Valparaíso, Chile",research,Podanthus mitiqui
Podanthus mitiqui,SP004_mitique,374042817,683631709,obs_374042817_photo_683631709.jpg,cc-by,"(c) Cesar Ormazabal, some rights reserved (CC BY)",https://www.inaturalist.org/observations/374042817,https://inaturalist-open-data.s3.amazonaws.com/photos/683631709/medium.jpg,2022-09-11,"Refugio La Leonera, Oasis de la Campana, Hijuelas, Valparaíso, Chile",research,Podanthus mitiqui
Podanthus mitiqui,SP004_mitique,376299137,688003596,obs_376299137_photo_688003596.jpg,cc-by-nc,"(c) Camilo, some rights reserved (CC BY-NC)",https://www.inaturalist.org/observations/376299137,https://inaturalist-open-data.s3.amazonaws.com/photos/688003596/medium.jpg,2026-06-25,"Los Vilos, Coquimbo, Chile",research,Podanthus mitiqui
Podanthus mitiqui,SP004_mitique,377298128,689936142,obs_377298128_photo_689936142.jpg,cc-by,"(c) Cesar Ormazabal, some rights reserved (CC BY)",https://www.inaturalist.org/observations/377298128,https://inaturalist-open-data.s3.amazonaws.com/photos/689936142/medium.jpg,2022-09-19,"Quillota, Valparaíso, Chile",research,Podanthus mitiqui
Podanthus mitiqui,SP004_mitique,379493335,694175261,obs_379493335_photo_694175261.jpg,cc-by-nc,"(c) emisferae, some rights reserved (CC BY-NC)",https://www.inaturalist.org/observations/379493335,https://inaturalist-open-data.s3.amazonaws.com/photos/694175261/medium.jpg,2026-06-28,"Reñaca Alto, Viña del Mar, Región de Valparaíso, CL",research,Podanthus mitiqui
Podanthus mitiqui,SP004_mitique,381266690,697609292,obs_381266690_photo_697609292.jpg,cc-by-nc,"(c) Apuntes de la naturaleza, some rights reserved (CC BY-NC)",https://www.inaturalist.org/observations/381266690,https://inaturalist-open-data.s3.amazonaws.com/photos/697609292/medium.jpg,2025-08-02,"Puente Alto, Región Metropolitana, Chile",research,Podanthus mitiqui
Podanthus mitiqui,SP004_mitique,381569995,698199242,obs_381569995_photo_698199242.jpg,cc-by-nc,"(c) Carolina Escobar Aguila, some rights reserved (CC BY-NC)",https://www.inaturalist.org/observations/381569995,https://inaturalist-open-data.s3.amazonaws.com/photos/698199242/medium.jpg,2026-07-14,"Padre Hurtado, Región Metropolitana, Chile",research,Podanthus mitiqui
Podanthus mitiqui,SP004_mitique,385500130,705750480,obs_385500130_photo_705750480.jpg,cc-by,"(c) Cesar Ormazabal, some rights reserved (CC BY)",https://www.inaturalist.org/observations/385500130,https://inaturalist-open-data.s3.amazonaws.com/photos/705750480/medium.jpg,2023-11-08,"Las Condes, Región Metropolitana, Chile",research,Podanthus mitiqui
Podanthus mitiqui,SP004_mitique,386007016,706710943,obs_386007016_photo_706710943.jpg,cc-by-nc,"(c) Martín P. Burgos, some rights reserved (CC BY-NC)",https://www.inaturalist.org/observations/386007016,https://inaturalist-open-data.s3.amazonaws.com/photos/706710943/medium.jpg,2026-07-24,"Cachapoal, O'Higgins, Chile",research,Podanthus mitiqui
Podanthus mitiqui,SP004_mitique,387377128,709347345,obs_387377128_photo_709347345.jpg,cc-by-nc,"(c) qfaye, some rights reserved (CC BY-NC)",https://www.inaturalist.org/observations/387377128,https://inaturalist-open-data.s3.amazonaws.com/photos/709347345/medium.jpg,2026-08-01,"Viña del Mar, Valparaíso, Chili",research,Podanthus mitiqui
Podanthus mitiqui,SP004_mitique,388774871,712071234,obs_388774871_photo_712071234.jpg,cc-by-nc,"(c) Javier Cruz Ormeño, some rights reserved (CC BY-NC)",https://www.inaturalist.org/observations/388774871,https://inaturalist-open-data.s3.amazonaws.com/photos/712071234/medium.jpg,2015-10-18,"Valparaiso, Valparaíso, Chile",research,Podanthus mitiqui
Podanthus mitiqui,SP004_mitique,391254613,716892521,obs_391254613_photo_716892521.jpg,cc-by-nc,"(c) liamrg, some rights reserved (CC BY-NC)",https://www.inaturalist.org/observations/391254613,https://inaturalist-open-data.s3.amazonaws.com/photos/716892521/medium.jpg,2026-08-14,"Sender Pamela Ramírez, Valparaiso, Valparaíso Region, CL",research,Podanthus mitiqui
Podanthus mitiqui,SP004_mitique,392011236,718356938,obs_392011236_photo_718356938.jpg,cc-by-nc,"(c) eltontitodelosbichos, some rights reserved (CC BY-NC)",https://www.inaturalist.org/observations/392011236,https://inaturalist-open-data.s3.amazonaws.com/photos/718356938/medium.jpg,2026-08-16,"Región Metropolitana de Santiago, CL",research,Podanthus mitiqui
Podanthus mitiqui,SP004_mitique,392960704,720211293,obs_392960704_photo_720211293.jpg,cc-by,"(c) Álvaro Ibaceta R., some rights reserved (CC BY)",https://www.inaturalist.org/observations/392960704,https://inaturalist-open-data.s3.amazonaws.com/photos/720211293/medium.jpg,2026-08-20,"Valparaíso, Chile",research,Podanthus mitiqui
Podanthus mitiqui,SP004_mitique,393214476,720709620,obs_393214476_photo_720709620.jpg,cc-by,"(c) Álvaro Ibaceta R., some rights reserved (CC BY)",https://www.inaturalist.org/observations/393214476,https://inaturalist-open-data.s3.amazonaws.com/photos/720709620/medium.jpg,2026-08-20,"Valparaíso, Chile",research,Podanthus mitiqui
Podanthus mitiqui,SP004_mitique,393490532,721249621,obs_393490532_photo_721249621.jpg,cc-by-nc,"(c) Algarroboceae, some rights reserved (CC BY-NC)",https://www.inaturalist.org/observations/393490532,https://inaturalist-open-data.s3.amazonaws.com/photos/721249621/medium.jpg,2026-08-21,"Algarrobo, Valparaíso, Chile",research,Podanthus mitiqui
Podanthus mitiqui,SP004_mitique,393490953,721250401,obs_393490953_photo_721250401.jpg,cc-by-nc,"(c) Algarroboceae, some rights reserved (CC BY-NC)",https://www.inaturalist.org/observations/393490953,https://inaturalist-open-data.s3.amazonaws.com/photos/721250401/medium.jpg,2026-08-21,"Algarrobo, Valparaíso, Chile",research,Podanthus mitiqui
Podanthus mitiqui,SP004_mitique,395940721,726047612,obs_395940721_photo_726047612.jpg,cc-by-nc,"(c) jaime_figueroa, some rights reserved (CC BY-NC)",https://www.inaturalist.org/observations/395940721,https://inaturalist-open-data.s3.amazonaws.com/photos/726047612/medium.jpg,2026-08-29,"Lo Barnechea, Santiago Metropolitan Region, CL",research,Podanthus mitiqui
Podanthus mitiqui,SP004_mitique,395959266,726084223,obs_395959266_photo_726084223.jpg,cc0,no rights reserved,https://www.inaturalist.org/observations/395959266,https://inaturalist-open-data.s3.amazonaws.com/photos/726084223/medium.jpg,2026-08-30,"Camino Principal, Laguna Verde, Valparaíso, Chile",research,Podanthus mitiqui
Podanthus mitiqui,SP004_mitique,396485457,727096345,obs_396485457_photo_727096345.jpg,cc-by-nc,"(c) r, some rights reserved (CC BY-NC)",https://www.inaturalist.org/observations/396485457,https://inaturalist-open-data.s3.amazonaws.com/photos/727096345/medium.jpg,2026-09-01,"Ruta 68, Pudahuel, Santiago Metropolitan Region, CL",research,Podanthus mitiqui
Podanthus mitiqui,SP004_mitique,396486384,727097957,obs_396486384_photo_727097957.jpg,cc-by-nc,"(c) r, some rights reserved (CC BY-NC)",https://www.inaturalist.org/observations/396486384,https://inaturalist-open-data.s3.amazonaws.com/photos/727097957/medium.jpg,2026-09-01,"Pudahuel, Santiago Metropolitan Region, CL",research,Podanthus mitiqui
Podanthus mitiqui,SP004_mitique,397959768,729964487,obs_397959768_photo_729964487.jpg,cc-by-nc,"(c) Mirko Ramos Leiva, some rights reserved (CC BY-NC)",https://www.inaturalist.org/observations/397959768,https://inaturalist-open-data.s3.amazonaws.com/photos/729964487/medium.jpg,2026-09-05,"Maipo, Región Metropolitana, Chile",research,Podanthus mitiqui
Podanthus mitiqui,SP004_mitique,398101438,730247036,obs_398101438_photo_730247036.jpg,cc-by-nc,"(c) Thomas Koplow Villavicencio, some rights reserved (CC BY-NC)",https://www.inaturalist.org/observations/398101438,https://inaturalist-open-data.s3.amazonaws.com/photos/730247036/medium.jpg,2026-09-07,"PC1346-Sn. J. Escrivá de Balaguer / esq. Gral. Lavalleja, Vitacura, Región Metropolitana, Chile",research,Podanthus mitiqui
Podanthus mitiqui,SP004_mitique,398678050,731376333,obs_398678050_photo_731376333.jpg,cc-by-nc,"(c) kiimelei_caracciolo, some rights reserved (CC BY-NC)",https://www.inaturalist.org/observations/398678050,https://inaturalist-open-data.s3.amazonaws.com/photos/731376333/medium.jpg,2026-09-08,"San Antonio, San Antonio, Región de Valparaíso, CL",research,Podanthus mitiqui
Colliguaja odorifera,SP005_colliguay,384066724,703002174,obs_384066724_photo_703002174.jpg,cc-by-nc,"(c) alex10969, some rights reserved (CC BY-NC)",https://www.inaturalist.org/observations/384066724,https://inaturalist-open-data.s3.amazonaws.com/photos/703002174/medium.jpg,2026-07-22,"Peñalolén, Región Metropolitana, Chile",research,Colliguaja odorifera
Colliguaja odorifera,SP005_colliguay,385304773,705370635,obs_385304773_photo_705370635.jpg,cc-by-nc,"(c) Bastián Ovando, some rights reserved (CC BY-NC)",https://www.inaturalist.org/observations/385304773,https://inaturalist-open-data.s3.amazonaws.com/photos/705370635/medium.jpg,2026-07-26,"Lo Barnechea, Región Metropolitana, Chile",research,Colliguaja odorifera
Colliguaja odorifera,SP005_colliguay,385496107,705742189,obs_385496107_photo_705742189.jpg,cc-by,"(c) Cesar Ormazabal, some rights reserved (CC BY)",https://www.inaturalist.org/observations/385496107,https://inaturalist-open-data.s3.amazonaws.com/photos/705742189/medium.jpg,2023-11-08,"Las Condes, Región Metropolitana, Chile",research,Colliguaja odorifera
Colliguaja odorifera,SP005_colliguay,385556615,705718246,obs_385556615_photo_705718246.jpg,cc-by-nc,"(c) eltontitodelosbichos, some rights reserved (CC BY-NC)",https://www.inaturalist.org/observations/385556615,https://inaturalist-open-data.s3.amazonaws.com/photos/705718246/medium.jpg,2026-07-26,"Las Condes, Región Metropolitana, Chile",research,Colliguaja odorifera
Colliguaja odorifera,SP005_colliguay,386360106,707397564,obs_386360106_photo_707397564.jpg,cc-by-nc,"(c) bastiangarrido, some rights reserved (CC BY-NC)",https://www.inaturalist.org/observations/386360106,https://inaturalist-open-data.s3.amazonaws.com/photos/707397564/medium.jpg,2026-07-26,"Polpaico, Tiltil, Región Metropolitana de Santiago, CL",research,Colliguaja odorifera
Colliguaja odorifera,SP005_colliguay,386899935,708429210,obs_386899935_photo_708429210.jpg,cc-by-nc,"(c) Isabel (AlikantoChile), some rights reserved (CC BY-NC)",https://www.inaturalist.org/observations/386899935,https://inaturalist-open-data.s3.amazonaws.com/photos/708429210/medium.jpg,2026-07-29,"Monte Patria, Coquimbo, Chile",research,Colliguaja odorifera
Colliguaja odorifera,SP005_colliguay,387978082,710512827,obs_387978082_photo_710512827.jpg,cc-by-nc,"(c) manuel_larrain, some rights reserved (CC BY-NC)",https://www.inaturalist.org/observations/387978082,https://inaturalist-open-data.s3.amazonaws.com/photos/710512827/medium.jpg,2026-08-01,"Sendero Monolito, Las Condes, Santiago Metropolitan Region, CL",research,Colliguaja odorifera
Colliguaja odorifera,SP005_colliguay,388378710,711203058,obs_388378710_photo_711203058.jpg,cc-by-nc,"(c) eltontitodelosbichos, some rights reserved (CC BY-NC)",https://www.inaturalist.org/observations/388378710,https://inaturalist-open-data.s3.amazonaws.com/photos/711203058/medium.jpg,2026-08-04,"Las Condes, Región Metropolitana, Chile",research,Colliguaja odorifera
Colliguaja odorifera,SP005_colliguay,388464696,711471815,obs_388464696_photo_711471815.jpg,cc-by,"(c) Alfonso Benítez-Mora, some rights reserved (CC BY)",https://www.inaturalist.org/observations/388464696,https://inaturalist-open-data.s3.amazonaws.com/photos/711471815/medium.jpg,2026-08-05,"Sendero del Morro, San Fernando, O'Higgins Region, CL",research,Colliguaja odorifera
Colliguaja odorifera,SP005_colliguay,388774833,712070168,obs_388774833_photo_712070168.jpg,cc-by-nc,"(c) Javier Cruz Ormeño, some rights reserved (CC BY-NC)",https://www.inaturalist.org/observations/388774833,https://inaturalist-open-data.s3.amazonaws.com/photos/712070168/medium.jpg,2015-10-18,"Valparaiso, Valparaíso, Chile",research,Colliguaja odorifera
Colliguaja odorifera,SP005_colliguay,388774837,712070256,obs_388774837_photo_712070256.jpg,cc-by-nc,"(c) Javier Cruz Ormeño, some rights reserved (CC BY-NC)",https://www.inaturalist.org/observations/388774837,https://inaturalist-open-data.s3.amazonaws.com/photos/712070256/medium.jpg,2015-10-18,"Valparaiso, Valparaíso, Chile",research,Colliguaja odorifera
Colliguaja odorifera,SP005_colliguay,388774869,712071102,obs_388774869_photo_712071102.jpg,cc-by-nc,"(c) Javier Cruz Ormeño, some rights reserved (CC BY-NC)",https://www.inaturalist.org/observations/388774869,https://inaturalist-open-data.s3.amazonaws.com/photos/712071102/medium.jpg,2015-10-18,"Valparaiso, Valparaíso, Chile",research,Colliguaja odorifera
Colliguaja odorifera,SP005_colliguay,389739135,713927872,obs_389739135_photo_713927872.jpg,cc-by-nc,"(c) Javiera Cortés, some rights reserved (CC BY-NC)",https://www.inaturalist.org/observations/389739135,https://inaturalist-open-data.s3.amazonaws.com/photos/713927872/medium.jpg,2026-08-05,"Llay-Llay, Valparaíso Region, CL",research,Colliguaja odorifera
Colliguaja odorifera,SP005_colliguay,389819444,714085190,obs_389819444_photo_714085190.jpg,cc-by-nc,"(c) jose_silval, some rights reserved (CC BY-NC)",https://www.inaturalist.org/observations/389819444,https://inaturalist-open-data.s3.amazonaws.com/photos/714085190/medium.jpg,2026-08-08,"San Bernardo, Región Metropolitana, Chile",research,Colliguaja odorifera
Colliguaja odorifera,SP005_colliguay,389985880,714416569,obs_389985880_photo_714416569.jpg,cc-by-nc,"(c) liamrg, some rights reserved (CC BY-NC)",https://www.inaturalist.org/observations/389985880,https://inaturalist-open-data.s3.amazonaws.com/photos/714416569/medium.jpg,2026-08-06,"Poza de la Virgen - Parque Natural Gómez Carreño, Viña del Mar, Valparaíso Region, CL",research,Colliguaja odorifera
Colliguaja odorifera,SP005_colliguay,390192675,714824913,obs_390192675_photo_714824913.jpg,cc-by-nc,"(c) Carolina León, some rights reserved (CC BY-NC)",https://www.inaturalist.org/observations/390192675,https://inaturalist-open-data.s3.amazonaws.com/photos/714824913/medium.jpg,2026-08-05,"Sendero del Morro, San Fernando, O'Higgins Region, CL",research,Colliguaja odorifera
Colliguaja odorifera,SP005_colliguay,391888660,718118490,obs_391888660_photo_718118490.jpg,cc-by-nc,"(c) Martina Anais, some rights reserved (CC BY-NC)",https://www.inaturalist.org/observations/391888660,https://inaturalist-open-data.s3.amazonaws.com/photos/718118490/medium.jpg,2026-08-16,"5QQV+8X, Melipilla, Región Metropolitana, Chile",research,Colliguaja odorifera
Colliguaja odorifera,SP005_colliguay,392000911,718326093,obs_392000911_photo_718326093.jpg,cc-by-nc,"(c) eltontitodelosbichos, some rights reserved (CC BY-NC)",https://www.inaturalist.org/observations/392000911,https://inaturalist-open-data.s3.amazonaws.com/photos/718326093/medium.jpg,2026-08-16,"Región Metropolitana de Santiago, CL",research,Colliguaja odorifera
Colliguaja odorifera,SP005_colliguay,392000916,718332479,obs_392000916_photo_718332479.jpg,cc-by-nc,"(c) eltontitodelosbichos, some rights reserved (CC BY-NC)",https://www.inaturalist.org/observations/392000916,https://inaturalist-open-data.s3.amazonaws.com/photos/718332479/medium.jpg,2026-08-16,"Región Metropolitana de Santiago, CL",research,Colliguaja odorifera
Colliguaja odorifera,SP005_colliguay,393489347,721247596,obs_393489347_photo_721247596.jpg,cc-by-nc,"(c) Algarroboceae, some rights reserved (CC BY-NC)",https://www.inaturalist.org/observations/393489347,https://inaturalist-open-data.s3.amazonaws.com/photos/721247596/medium.jpg,2026-08-21,"Algarrobo, Valparaíso, Chile",research,Colliguaja odorifera
Colliguaja odorifera,SP005_colliguay,393634898,721528585,obs_393634898_photo_721528585.jpg,cc-by-nc,"(c) ZooFlugel, some rights reserved (CC BY-NC)",https://www.inaturalist.org/observations/393634898,https://inaturalist-open-data.s3.amazonaws.com/photos/721528585/medium.jpg,2026-08-22,"Bosque Panul, La Florida, Región Metropolitana, Chile",research,Colliguaja odorifera
Colliguaja odorifera,SP005_colliguay,393866717,721985536,obs_393866717_photo_721985536.jpg,cc-by-nc,"(c) Francisca Romero, some rights reserved (CC BY-NC)",https://www.inaturalist.org/observations/393866717,https://inaturalist-open-data.s3.amazonaws.com/photos/721985536/medium.jpg,2026-08-23,"Valparaíso, Chile",research,Colliguaja odorifera
Colliguaja odorifera,SP005_colliguay,393996928,722243799,obs_393996928_photo_722243799.jpg,cc-by,"(c) Cesar Ormazabal, some rights reserved (CC BY)",https://www.inaturalist.org/observations/393996928,https://inaturalist-open-data.s3.amazonaws.com/photos/722243799/medium.jpg,2026-08-23,"Quillota, Valparaíso, Chile",research,Colliguaja odorifera
Colliguaja odorifera,SP005_colliguay,393997076,722244324,obs_393997076_photo_722244324.jpg,cc-by,"(c) Cesar Ormazabal, some rights reserved (CC BY)",https://www.inaturalist.org/observations/393997076,https://inaturalist-open-data.s3.amazonaws.com/photos/722244324/medium.jpg,2026-08-23,"Quillota, Valparaíso, Chile",research,Colliguaja odorifera
Colliguaja odorifera,SP005_colliguay,394715126,723651730,obs_394715126_photo_723651730.jpg,cc-by-nc,"(c) Belén Paredes, some rights reserved (CC BY-NC)",https://www.inaturalist.org/observations/394715126,https://inaturalist-open-data.s3.amazonaws.com/photos/723651730/medium.jpg,2026-08-26,"7820435 Macul, Región Metropolitana, Chile",research,Colliguaja odorifera
Colliguaja odorifera,SP005_colliguay,395064132,724340424,obs_395064132_photo_724340424.jpg,cc-by-nc,"(c) Sebastián, some rights reserved (CC BY-NC)",https://www.inaturalist.org/observations/395064132,https://inaturalist-open-data.s3.amazonaws.com/photos/724340424/medium.jpg,2026-08-27,"Maipú, Región Metropolitana, Chile",research,Colliguaja odorifera
Colliguaja odorifera,SP005_colliguay,395521959,725239218,obs_395521959_photo_725239218.jpg,cc-by-nc,"(c) Francisca Bozo, some rights reserved (CC BY-NC)",https://www.inaturalist.org/observations/395521959,https://inaturalist-open-data.s3.amazonaws.com/photos/725239218/medium.jpg,2026-08-29,"CW55+49, Tinajas, Placilla, O'Higgins, Chile",research,Colliguaja odorifera
Colliguaja odorifera,SP005_colliguay,395629473,725436056,obs_395629473_photo_725436056.jpg,cc-by,"(c) Cesar Ormazabal, some rights reserved (CC BY)",https://www.inaturalist.org/observations/395629473,https://inaturalist-open-data.s3.amazonaws.com/photos/725436056/medium.jpg,2026-08-29,"Santiago, Región Metropolitana, Chile",research,Colliguaja odorifera
Colliguaja odorifera,SP005_colliguay,395666053,725509410,obs_395666053_photo_725509410.jpg,cc-by-nc,"(c) JOSÉ FERNÁNDEZ, some rights reserved (CC BY-NC)",https://www.inaturalist.org/observations/395666053,https://inaturalist-open-data.s3.amazonaws.com/photos/725509410/medium.jpg,2026-08-29,"Camino Las Hualtatas, Lo Barnechea, Santiago Metropolitan Region, CL",research,Colliguaja odorifera
Colliguaja odorifera,SP005_colliguay,395950720,726067418,obs_395950720_photo_726067418.jpg,cc-by-nc,"(c) Alex Molina, some rights reserved (CC BY-NC)",https://www.inaturalist.org/observations/395950720,https://inaturalist-open-data.s3.amazonaws.com/photos/726067418/medium.jpg,2026-08-30,"Peñalolén, Región Metropolitana, Chile",research,Colliguaja odorifera
Colliguaja odorifera,SP005_colliguay,395958543,726082688,obs_395958543_photo_726082688.jpg,cc0,no rights reserved,https://www.inaturalist.org/observations/395958543,https://inaturalist-open-data.s3.amazonaws.com/photos/726082688/medium.jpg,2026-08-30,"Camino Principal, Laguna Verde, Valparaíso, Chile",research,Colliguaja odorifera
Colliguaja odorifera,SP005_colliguay,396817126,727734119,obs_396817126_photo_727734119.jpg,cc-by-nc,"(c) Camila Consuelo González Bravo, some rights reserved (CC BY-NC)",https://www.inaturalist.org/observations/396817126,https://inaturalist-open-data.s3.amazonaws.com/photos/727734119/medium.jpg,2026-09-02,"Fundo El Membrillo, Alhué, Región Metropolitana, Chile",research,Colliguaja odorifera
Colliguaja odorifera,SP005_colliguay,397193466,728469349,obs_397193466_photo_728469349.jpg,cc-by-nc,"(c) Pablo Alberto, some rights reserved (CC BY-NC)",https://www.inaturalist.org/observations/397193466,https://inaturalist-open-data.s3.amazonaws.com/photos/728469349/medium.jpg,2026-09-04,"Los Andes, CL-VS, CL",research,Colliguaja odorifera
Colliguaja odorifera,SP005_colliguay,397452251,728977077,obs_397452251_photo_728977077.jpg,cc-by-nc,"(c) José Cabello Medina, some rights reserved (CC BY-NC)",https://www.inaturalist.org/observations/397452251,https://inaturalist-open-data.s3.amazonaws.com/photos/728977077/medium.jpg,2026-09-05,"Avenida Santos Dumont, Recoleta, Región Metropolitana de Santiago, CL",research,Colliguaja odorifera
Colliguaja odorifera,SP005_colliguay,397527587,729119706,obs_397527587_photo_729119706.jpg,cc-by-nc,"(c) xnnx, some rights reserved (CC BY-NC)",https://www.inaturalist.org/observations/397527587,https://inaturalist-open-data.s3.amazonaws.com/photos/729119706/medium.jpg,2026-08-29,"Maipo, CL-RM, CL",research,Colliguaja odorifera
Colliguaja odorifera,SP005_colliguay,397527744,729120078,obs_397527744_photo_729120078.jpg,cc-by-nc,"(c) xnnx, some rights reserved (CC BY-NC)",https://www.inaturalist.org/observations/397527744,https://inaturalist-open-data.s3.amazonaws.com/photos/729120078/medium.jpg,2026-08-29,"Maipú, Región Metropolitana, Chile",research,Colliguaja odorifera
Colliguaja odorifera,SP005_colliguay,397541519,729146457,obs_397541519_photo_729146457.jpg,cc-by-nc,"(c) xnnx, some rights reserved (CC BY-NC)",https://www.inaturalist.org/observations/397541519,https://inaturalist-open-data.s3.amazonaws.com/photos/729146457/medium.jpg,2026-08-29,"Maipú, Región Metropolitana, Chile",research,Colliguaja odorifera
Colliguaja odorifera,SP005_colliguay,397650556,729367586,obs_397650556_photo_729367586.jpg,cc-by-nc,"(c) valen cifuentes, some rights reserved (CC BY-NC)",https://www.inaturalist.org/observations/397650556,https://inaturalist-open-data.s3.amazonaws.com/photos/729367586/medium.jpg,2026-09-05,"Sendero Los Peumos, Las Condes, Santiago Metropolitan Region, CL",research,Colliguaja odorifera
Colliguaja odorifera,SP005_colliguay,398012965,730106297,obs_398012965_photo_730106297.jpg,cc-by-nc,"(c) Joaquín Hernández, some rights reserved (CC BY-NC)",https://www.inaturalist.org/observations/398012965,https://inaturalist-open-data.s3.amazonaws.com/photos/730106297/medium.jpg,2026-09-06,"Sendero Patrimonial Los Quillayes, La Florida, Santiago Metropolitan Region, CL",research,Colliguaja odorifera
Colliguaja odorifera,SP005_colliguay,398321786,730672596,obs_398321786_photo_730672596.jpg,cc-by-nc,"(c) Martín P. Burgos, some rights reserved (CC BY-NC)",https://www.inaturalist.org/observations/398321786,https://inaturalist-open-data.s3.amazonaws.com/photos/730672596/medium.jpg,2026-09-07,"Choapa, Coquimbo, Chile",research,Colliguaja odorifera
Colliguaja odorifera,SP005_colliguay,398321797,730672610,obs_398321797_photo_730672610.jpg,cc-by-nc,"(c) Martín P. Burgos, some rights reserved (CC BY-NC)",https://www.inaturalist.org/observations/398321797,https://inaturalist-open-data.s3.amazonaws.com/photos/730672610/medium.jpg,2026-09-07,"Choapa, Coquimbo, Chile",research,Colliguaja odorifera
Colliguaja odorifera,SP005_colliguay,398749650,731510576,obs_398749650_photo_731510576.jpg,cc-by-nc,"(c) Loreto Perez, some rights reserved (CC BY-NC)",https://www.inaturalist.org/observations/398749650,https://inaturalist-open-data.s3.amazonaws.com/photos/731510576/medium.jpg,2026-09-05,"Nicaragua 470, Valparaíso, Chile",research,Colliguaja odorifera
Colliguaja odorifera,SP005_colliguay,398755318,731520946,obs_398755318_photo_731520946.jpg,cc-by-nc,"(c) alepereira, some rights reserved (CC BY-NC)",https://www.inaturalist.org/observations/398755318,https://inaturalist-open-data.s3.amazonaws.com/photos/731520946/medium.jpg,2026-09-05,"Sendero Mirador de la U (1369 m), Peñalolén, Santiago Metropolitan Region, CL",research,Colliguaja odorifera
Colliguaja odorifera,SP005_colliguay,398876305,731765031,obs_398876305_photo_731765031.jpg,cc-by,"(c) Cochi González, some rights reserved (CC BY)",https://www.inaturalist.org/observations/398876305,https://inaturalist-open-data.s3.amazonaws.com/photos/731765031/medium.jpg,2026-05-02,"Catemu, Valparaíso, Chile",research,Colliguaja odorifera
Colliguaja odorifera,SP005_colliguay,398908268,731827809,obs_398908268_photo_731827809.jpg,cc-by-nc,"(c) leandro chacana, some rights reserved (CC BY-NC)",https://www.inaturalist.org/observations/398908268,https://inaturalist-open-data.s3.amazonaws.com/photos/731827809/medium.jpg,2026-09-09,"Vitacura, Región Metropolitana, Chile",research,Colliguaja odorifera
Colliguaja odorifera,SP005_colliguay,399134793,732260076,obs_399134793_photo_732260076.jpg,cc-by-nc,"(c) Camila Consuelo González Bravo, some rights reserved (CC BY-NC)",https://www.inaturalist.org/observations/399134793,https://inaturalist-open-data.s3.amazonaws.com/photos/732260076/medium.jpg,2026-09-08,"Fundo El Membrillo, Alhué, Región Metropolitana, Chile",research,Colliguaja odorifera
Colliguaja odorifera,SP005_colliguay,399560863,733084307,obs_399560863_photo_733084307.jpg,cc-by-nc,"(c) diegokeule, some rights reserved (CC BY-NC)",https://www.inaturalist.org/observations/399560863,https://inaturalist-open-data.s3.amazonaws.com/photos/733084307/medium.jpg,2026-09-12,"Rauco, Maule, Chile",research,Colliguaja odorifera
Colliguaja odorifera,SP005_colliguay,399593552,733147007,obs_399593552_photo_733147007.jpg,cc-by-nc,"(c) Rodrigo Salas, some rights reserved (CC BY-NC)",https://www.inaturalist.org/observations/399593552,https://inaturalist-open-data.s3.amazonaws.com/photos/733147007/medium.jpg,2026-09-12,"Placilla, O'Higgins, Chile",research,Colliguaja odorifera
Colliguaja odorifera,SP005_colliguay,399596182,733152083,obs_399596182_photo_733152083.jpg,cc-by-nc,"(c) Rodrigo Salas, some rights reserved (CC BY-NC)",https://www.inaturalist.org/observations/399596182,https://inaturalist-open-data.s3.amazonaws.com/photos/733152083/medium.jpg,2026-09-12,"3070800 San Fernando, O'Higgins, Chile",research,Colliguaja odorifera
Colliguaja odorifera,SP005_colliguay,399726529,733403382,obs_399726529_photo_733403382.jpg,cc0,no rights reserved,https://www.inaturalist.org/observations/399726529,https://inaturalist-open-data.s3.amazonaws.com/photos/733403382/medium.jpg,2026-09-12,"2460355 Marga Marga, Villa Alemana, Valparaíso, Chile",research,Colliguaja odorifera
Quillaja saponaria,SP006_quillay,380838308,696775867,obs_380838308_photo_696775867.jpg,cc-by-nc,"(c) Carolina Escobar Aguila, some rights reserved (CC BY-NC)",https://www.inaturalist.org/observations/380838308,https://inaturalist-open-data.s3.amazonaws.com/photos/696775867/medium.jpg,2026-07-10,"Pirque, Región Metropolitana, Chile",research,Quillaja saponaria
Quillaja saponaria,SP006_quillay,380841198,696781525,obs_380841198_photo_696781525.jpg,cc-by-nc,"(c) Carolina Escobar Aguila, some rights reserved (CC BY-NC)",https://www.inaturalist.org/observations/380841198,https://inaturalist-open-data.s3.amazonaws.com/photos/696781525/medium.jpg,2026-07-10,"Pirque, Región Metropolitana, Chile",research,Quillaja saponaria
Quillaja saponaria,SP006_quillay,380912848,696923350,obs_380912848_photo_696923350.jpg,cc-by,"(c) Cesar Ormazabal, some rights reserved (CC BY)",https://www.inaturalist.org/observations/380912848,https://inaturalist-open-data.s3.amazonaws.com/photos/696923350/medium.jpg,2026-07-12,"Quillota, Valparaíso, Chile",research,Quillaja saponaria
Quillaja saponaria,SP006_quillay,381222969,697524139,obs_381222969_photo_697524139.jpg,cc-by,"(c) Álvaro Ibaceta R., some rights reserved (CC BY)",https://www.inaturalist.org/observations/381222969,https://inaturalist-open-data.s3.amazonaws.com/photos/697524139/medium.jpg,2026-07-13,"Quilpué, Valparaíso, Chile",research,Quillaja saponaria
Quillaja saponaria,SP006_quillay,381241944,697560164,obs_381241944_photo_697560164.jpg,cc-by-nc,"(c) Pedro Hernández, some rights reserved (CC BY-NC)",https://www.inaturalist.org/observations/381241944,https://inaturalist-open-data.s3.amazonaws.com/photos/697560164/medium.jpg,2026-07-13,"Quilpué, Valparaíso, Chile",research,Quillaja saponaria
Quillaja saponaria,SP006_quillay,381246659,697569466,obs_381246659_photo_697569466.jpg,cc-by-nc,"(c) Fundación Kennedy para la Conservación de los Humedales, some rights reserved (CC BY-NC)",https://www.inaturalist.org/observations/381246659,https://inaturalist-open-data.s3.amazonaws.com/photos/697569466/medium.jpg,2026-07-13,"Santiago, Región Metropolitana, Chile",research,Quillaja saponaria
Quillaja saponaria,SP006_quillay,381495437,698041578,obs_381495437_photo_698041578.jpg,cc-by-nc,"(c) Manuel Alejandro Henríquez, some rights reserved (CC BY-NC)",https://www.inaturalist.org/observations/381495437,https://inaturalist-open-data.s3.amazonaws.com/photos/698041578/medium.jpg,2026-07-13,"Santiago, Región Metropolitana, Chile",research,Quillaja saponaria
Quillaja saponaria,SP006_quillay,381495447,698041964,obs_381495447_photo_698041964.jpg,cc-by-nc,"(c) Manuel Alejandro Henríquez, some rights reserved (CC BY-NC)",https://www.inaturalist.org/observations/381495447,https://inaturalist-open-data.s3.amazonaws.com/photos/698041964/medium.jpg,2026-07-13,"Santiago, Región Metropolitana, Chile",research,Quillaja saponaria
Quillaja saponaria,SP006_quillay,381755762,698550952,obs_381755762_photo_698550952.jpg,cc-by-nc,"(c) Manuel Alejandro Henríquez, some rights reserved (CC BY-NC)",https://www.inaturalist.org/observations/381755762,https://inaturalist-open-data.s3.amazonaws.com/photos/698550952/medium.jpg,2026-07-15,"Cachapoal, O'Higgins, Chile",research,Quillaja saponaria
Quillaja saponaria,SP006_quillay,382024036,699076150,obs_382024036_photo_699076150.jpg,cc-by-nc,"(c) Maria Soledad Heredia Juica, some rights reserved (CC BY-NC)",https://www.inaturalist.org/observations/382024036,https://inaturalist-open-data.s3.amazonaws.com/photos/699076150/medium.jpg,2026-07-16,"Cabo Exequiel Aroca, Coquimbo, Chile",research,Quillaja saponaria
Quillaja saponaria,SP006_quillay,382120375,699256161,obs_382120375_photo_699256161.jpg,cc-by-nc,"(c) Mikel, some rights reserved (CC BY-NC)",https://www.inaturalist.org/observations/382120375,https://inaturalist-open-data.s3.amazonaws.com/photos/699256161/medium.jpg,2026-07-14,"Las Condes, Región Metropolitana, Chile",research,Quillaja saponaria
Quillaja saponaria,SP006_quillay,383080971,701102443,obs_383080971_photo_701102443.jpg,cc-by-nc,"(c) EDUARDO JOSÉ ERRÁZURIZ, some rights reserved (CC BY-NC)",https://www.inaturalist.org/observations/383080971,https://inaturalist-open-data.s3.amazonaws.com/photos/701102443/medium.jpg,2026-07-19,"Santa María, Valparaíso, Chile",research,Quillaja saponaria
Quillaja saponaria,SP006_quillay,384104413,703079568,obs_384104413_photo_703079568.jpg,cc-by-nc,"(c) alex10969, some rights reserved (CC BY-NC)",https://www.inaturalist.org/observations/384104413,https://inaturalist-open-data.s3.amazonaws.com/photos/703079568/medium.jpg,2026-07-22,"Peñalolén, Región Metropolitana, Chile",research,Quillaja saponaria
Quillaja saponaria,SP006_quillay,384629571,704089737,obs_384629571_photo_704089737.jpg,cc-by-nc,"(c) tinalina, some rights reserved (CC BY-NC)",https://www.inaturalist.org/observations/384629571,https://inaturalist-open-data.s3.amazonaws.com/photos/704089737/medium.jpg,2026-07-18,"Azapa, Ñuñoa, Santiago Metropolitan Region, CL",research,Quillaja saponaria
Quillaja saponaria,SP006_quillay,384721735,704269935,obs_384721735_photo_704269935.jpg,cc-by-nc,"(c) Franco Carramiñana, some rights reserved (CC BY-NC)",https://www.inaturalist.org/observations/384721735,https://inaturalist-open-data.s3.amazonaws.com/photos/704269935/medium.jpg,2026-07-24,"PD68-Parada 1 / Punta de Rieles, 7810944 Macul, Región Metropolitana, Chile",research,Quillaja saponaria
Quillaja saponaria,SP006_quillay,385500593,705751511,obs_385500593_photo_705751511.jpg,cc-by,"(c) Cesar Ormazabal, some rights reserved (CC BY)",https://www.inaturalist.org/observations/385500593,https://inaturalist-open-data.s3.amazonaws.com/photos/705751511/medium.jpg,2023-11-08,"Las Condes, Región Metropolitana, Chile",research,Quillaja saponaria
Quillaja saponaria,SP006_quillay,386359637,707396504,obs_386359637_photo_707396504.jpg,cc-by-nc,"(c) bastiangarrido, some rights reserved (CC BY-NC)",https://www.inaturalist.org/observations/386359637,https://inaturalist-open-data.s3.amazonaws.com/photos/707396504/medium.jpg,2026-07-26,"Polpaico, Tiltil, Región Metropolitana de Santiago, CL",research,Quillaja saponaria
Quillaja saponaria,SP006_quillay,386360212,707397836,obs_386360212_photo_707397836.jpg,cc-by-nc,"(c) bastiangarrido, some rights reserved (CC BY-NC)",https://www.inaturalist.org/observations/386360212,https://inaturalist-open-data.s3.amazonaws.com/photos/707397836/medium.jpg,2026-07-26,"Polpaico, Tiltil, Región Metropolitana de Santiago, CL",research,Quillaja saponaria
Quillaja saponaria,SP006_quillay,386898502,708426369,obs_386898502_photo_708426369.jpg,cc-by-nc,"(c) Isabel (AlikantoChile), some rights reserved (CC BY-NC)",https://www.inaturalist.org/observations/386898502,https://inaturalist-open-data.s3.amazonaws.com/photos/708426369/medium.jpg,2026-07-29,"Monte Patria, Coquimbo, Chile",research,Quillaja saponaria
Quillaja saponaria,SP006_quillay,387173881,708956563,obs_387173881_photo_708956563.jpg,cc-by-nc,"(c) Carlos Galleguillos, some rights reserved (CC BY-NC)",https://www.inaturalist.org/observations/387173881,https://inaturalist-open-data.s3.amazonaws.com/photos/708956563/medium.jpg,2026-08-01,"PD1071-Álvaro Casanova / esq. Onofre Jarpa, La Reina, Región Metropolitana, Chile",research,Quillaja saponaria
Quillaja saponaria,SP006_quillay,387299500,709195273,obs_387299500_photo_709195273.jpg,cc-by-nc,"(c) Jota Diaz, some rights reserved (CC BY-NC)",https://www.inaturalist.org/observations/387299500,https://inaturalist-open-data.s3.amazonaws.com/photos/709195273/medium.jpg,2026-08-01,"PD1071-Álvaro Casanova / esq. Onofre Jarpa, La Reina, Región Metropolitana, Chile",research,Quillaja saponaria
Quillaja saponaria,SP006_quillay,387302003,709199802,obs_387302003_photo_709199802.jpg,cc-by-nc,"(c) rossana salazar, some rights reserved (CC BY-NC)",https://www.inaturalist.org/observations/387302003,https://inaturalist-open-data.s3.amazonaws.com/photos/709199802/medium.jpg,2026-08-01,"PD1071-Álvaro Casanova / esq. Onofre Jarpa, La Reina, Región Metropolitana, Chile",research,Quillaja saponaria
Quillaja saponaria,SP006_quillay,387341123,709276555,obs_387341123_photo_709276555.jpg,cc-by-nc,"(c) Manuel Alejandro Henríquez, some rights reserved (CC BY-NC)",https://www.inaturalist.org/observations/387341123,https://inaturalist-open-data.s3.amazonaws.com/photos/709276555/medium.jpg,2026-07-13,"PF928-Avenida México / esq. Domingo Tocornal, 8180971 Puente Alto, Región Metropolitana, Chile",research,Quillaja saponaria
Quillaja saponaria,SP006_quillay,387989540,710536167,obs_387989540_photo_710536167.jpg,cc-by-nc,"(c) simon echeverria, some rights reserved (CC BY-NC)",https://www.inaturalist.org/observations/387989540,https://inaturalist-open-data.s3.amazonaws.com/photos/710536167/medium.jpg,2026-08-03,"Melipilla, Región Metropolitana, Chile",research,Quillaja saponaria
Quillaja saponaria,SP006_quillay,388502130,711543846,obs_388502130_photo_711543846.jpg,cc-by-nc,"(c) Diego Castro, some rights reserved (CC BY-NC)",https://www.inaturalist.org/observations/388502130,https://inaturalist-open-data.s3.amazonaws.com/photos/711543846/medium.jpg,2026-08-05,"Chocalán, Melipilla, Región Metropolitana de Santiago, CL",research,Quillaja saponaria
Quillaja saponaria,SP006_quillay,389200547,712882243,obs_389200547_photo_712882243.jpg,cc-by,"(c) Jorge Muñoz Camadro, some rights reserved (CC BY)",https://www.inaturalist.org/observations/389200547,https://inaturalist-open-data.s3.amazonaws.com/photos/712882243/medium.jpg,2026-08-06,"Melipilla, Región Metropolitana de Santiago, Chile",research,Quillaja saponaria
Quillaja saponaria,SP006_quillay,389441789,713350962,obs_389441789_photo_713350962.jpg,cc-by-nc,"(c) Jota Diaz, some rights reserved (CC BY-NC)",https://www.inaturalist.org/observations/389441789,https://inaturalist-open-data.s3.amazonaws.com/photos/713350962/medium.jpg,2026-08-08,"La Reina, Región Metropolitana, Chile",research,Quillaja saponaria
Quillaja saponaria,SP006_quillay,390087506,714614656,obs_390087506_photo_714614656.jpg,cc-by-nc,"(c) sofjaosnm, some rights reserved (CC BY-NC)",https://www.inaturalist.org/observations/390087506,https://inaturalist-open-data.s3.amazonaws.com/photos/714614656/medium.jpg,2026-08-05,"Melipilla, Región Metropolitana, Chile",research,Quillaja saponaria
Quillaja saponaria,SP006_quillay,390106741,714649781,obs_390106741_photo_714649781.jpg,cc-by-nc,"(c) Benjamín Ignacio, some rights reserved (CC BY-NC)",https://www.inaturalist.org/observations/390106741,https://inaturalist-open-data.s3.amazonaws.com/photos/714649781/medium.jpg,2025-11-23,"2030000 La Ligua, Valparaíso, Chile",research,Quillaja saponaria
Quillaja saponaria,SP006_quillay,390107569,714651246,obs_390107569_photo_714651246.jpg,cc-by-nc,"(c) Benjamín Ignacio, some rights reserved (CC BY-NC)",https://www.inaturalist.org/observations/390107569,https://inaturalist-open-data.s3.amazonaws.com/photos/714651246/medium.jpg,2025-12-15,"2060411 Zapallar, Valparaíso, Chile",research,Quillaja saponaria
Quillaja saponaria,SP006_quillay,391265549,716914294,obs_391265549_photo_716914294.jpg,cc-by,"(c) Cesar Ormazabal, some rights reserved (CC BY)",https://www.inaturalist.org/observations/391265549,https://inaturalist-open-data.s3.amazonaws.com/photos/716914294/medium.jpg,2023-12-08,"Linares, Maule, Chile",research,Quillaja saponaria
Quillaja saponaria,SP006_quillay,392369282,719062703,obs_392369282_photo_719062703.jpg,cc-by-nc,"(c) Guillermo Ignacio Pacheco Ramirez, some rights reserved (CC BY-NC)",https://www.inaturalist.org/observations/392369282,https://inaturalist-open-data.s3.amazonaws.com/photos/719062703/medium.jpg,2026-08-18,"PJ568-Neptuno / esq. Salvador Gutiérrez, 8510212 Quinta Normal, Región Metropolitana, Chile",research,Quillaja saponaria
Quillaja saponaria,SP006_quillay,392961403,720212747,obs_392961403_photo_720212747.jpg,cc-by-nc,"(c) Kamykilla, some rights reserved (CC BY-NC)",https://www.inaturalist.org/observations/392961403,https://inaturalist-open-data.s3.amazonaws.com/photos/720212747/medium.jpg,2026-08-20,"Varela, 902-998, 1780676 Coquimbo, Chile",research,Quillaja saponaria
Quillaja saponaria,SP006_quillay,393697569,721654872,obs_393697569_photo_721654872.jpg,cc-by-nc,"(c) liamrg, some rights reserved (CC BY-NC)",https://www.inaturalist.org/observations/393697569,https://inaturalist-open-data.s3.amazonaws.com/photos/721654872/medium.jpg,2026-08-22,"Ruta Mirador Natural de Cóndores, San José de Maipo, Santiago Metropolitan Region, CL",research,Quillaja saponaria
Quillaja saponaria,SP006_quillay,393699051,721657742,obs_393699051_photo_721657742.jpg,cc-by-nc,"(c) liamrg, some rights reserved (CC BY-NC)",https://www.inaturalist.org/observations/393699051,https://inaturalist-open-data.s3.amazonaws.com/photos/721657742/medium.jpg,2026-08-22,"Ruta Mirador Natural de Cóndores, San José de Maipo, Santiago Metropolitan Region, CL",research,Quillaja saponaria
Quillaja saponaria,SP006_quillay,394715659,723652620,obs_394715659_photo_723652620.jpg,cc-by-nc,"(c) Belén Paredes, some rights reserved (CC BY-NC)",https://www.inaturalist.org/observations/394715659,https://inaturalist-open-data.s3.amazonaws.com/photos/723652620/medium.jpg,2026-08-26,"Macul, Región Metropolitana, Chile",research,Quillaja saponaria
Quillaja saponaria,SP006_quillay,395055347,724319982,obs_395055347_photo_724319982.jpg,cc-by-nc,"(c) Cristian Risco, some rights reserved (CC BY-NC)",https://www.inaturalist.org/observations/395055347,https://inaturalist-open-data.s3.amazonaws.com/photos/724319982/medium.jpg,2026-08-09,"Pirque, Región Metropolitana, Chile",research,Quillaja saponaria
Quillaja saponaria,SP006_quillay,395524913,725245252,obs_395524913_photo_725245252.jpg,cc-by-nc,"(c) Skaleth Loreto Castillo Palacios, some rights reserved (CC BY-NC)",https://www.inaturalist.org/observations/395524913,https://inaturalist-open-data.s3.amazonaws.com/photos/725245252/medium.jpg,2026-08-29,"Liber Bernardo O'Higgins / Calle de Servicio Hospital, Rancagua, O'Higgins, Chile",research,Quillaja saponaria
Quillaja saponaria,SP006_quillay,396013295,726195391,obs_396013295_photo_726195391.jpg,cc-by-nc,"(c) JUAN JOSÉ GUZMÁN, some rights reserved (CC BY-NC)",https://www.inaturalist.org/observations/396013295,https://inaturalist-open-data.s3.amazonaws.com/photos/726195391/medium.jpg,2026-08-26,"El Golf de Manquehue, Lo Barnechea, Santiago Metropolitan Region, CL",research,Quillaja saponaria
Quillaja saponaria,SP006_quillay,396013867,726196622,obs_396013867_photo_726196622.jpg,cc-by-nc,"(c) JUAN JOSÉ GUZMÁN, some rights reserved (CC BY-NC)",https://www.inaturalist.org/observations/396013867,https://inaturalist-open-data.s3.amazonaws.com/photos/726196622/medium.jpg,2026-08-15,"Camino del Cajón, Lo Barnechea, Santiago Metropolitan Region, CL",research,Quillaja saponaria
Quillaja saponaria,SP006_quillay,396183729,726532018,obs_396183729_photo_726532018.jpg,cc-by-nc,"(c) Francisca Belen Herrera Rosales, some rights reserved (CC BY-NC)",https://www.inaturalist.org/observations/396183729,https://inaturalist-open-data.s3.amazonaws.com/photos/726532018/medium.jpg,2026-08-31,"Einstein, / Héctor Zamorano, Rancagua, O'Higgins, Chile",research,Quillaja saponaria
Quillaja saponaria,SP006_quillay,396276079,726719796,obs_396276079_photo_726719796.jpg,cc-by-nc,"(c) jpr2027, some rights reserved (CC BY-NC)",https://www.inaturalist.org/observations/396276079,https://inaturalist-open-data.s3.amazonaws.com/photos/726719796/medium.jpg,2026-06-13,"Santiago, Región Metropolitana, Chile",research,Quillaja saponaria
Quillaja saponaria,SP006_quillay,396667332,727440582,obs_396667332_photo_727440582.jpg,cc-by-nc,"(c) catalina ignacia vargas muñoz, some rights reserved (CC BY-NC)",https://www.inaturalist.org/observations/396667332,https://inaturalist-open-data.s3.amazonaws.com/photos/727440582/medium.jpg,2026-09-02,"Arturo Prat, Machalí, Región del Libertador General Bernardo O'Higgins, CL",research,Quillaja saponaria
Quillaja saponaria,SP006_quillay,396673910,727452012,obs_396673910_photo_727452012.jpg,cc-by-nc,"(c) GABRIELA ALEJANDRA CHAPARRO TOBAR, some rights reserved (CC BY-NC)",https://www.inaturalist.org/observations/396673910,https://inaturalist-open-data.s3.amazonaws.com/photos/727452012/medium.jpg,2026-09-02,"Carrizal, Chimbarongo, Región del Libertador General Bernardo O'Higgins, CL",research,Quillaja saponaria
Quillaja saponaria,SP006_quillay,397426445,728924855,obs_397426445_photo_728924855.jpg,cc-by-nc,"(c) Juan Miguel Cancino, some rights reserved (CC BY-NC)",https://www.inaturalist.org/observations/397426445,https://inaturalist-open-data.s3.amazonaws.com/photos/728924855/medium.jpg,2026-09-01,"San Antonio, Linares, Región del Maule, CL",research,Quillaja saponaria
Quillaja saponaria,SP006_quillay,399264022,732507072,obs_399264022_photo_732507072.jpg,cc-by-nc,"(c) Ignacio López Tobar, some rights reserved (CC BY-NC)",https://www.inaturalist.org/observations/399264022,https://inaturalist-open-data.s3.amazonaws.com/photos/732507072/medium.jpg,2026-09-11,"Machalí, O'Higgins, Chile",research,Quillaja saponaria
Quillaja saponaria,SP006_quillay,399594822,733149452,obs_399594822_photo_733149452.jpg,cc-by-nc,"(c) Rodrigo Salas, some rights reserved (CC BY-NC)",https://www.inaturalist.org/observations/399594822,https://inaturalist-open-data.s3.amazonaws.com/photos/733149452/medium.jpg,2026-09-12,"3070108 San Fernando, O'Higgins, Chile",research,Quillaja saponaria
Quillaja saponaria,SP006_quillay,399873812,733701907,obs_399873812_photo_733701907.jpg,cc-by-nc,"(c) María Trinidad Olivares, some rights reserved (CC BY-NC)",https://www.inaturalist.org/observations/399873812,https://inaturalist-open-data.s3.amazonaws.com/photos/733701907/medium.jpg,2026-09-13,"Las Condes, Región Metropolitana, Chile",research,Quillaja saponaria
Quillaja saponaria,SP006_quillay,399888291,733729670,obs_399888291_photo_733729670.jpg,cc-by-nc,"(c) María Trinidad Olivares, some rights reserved (CC BY-NC)",https://www.inaturalist.org/observations/399888291,https://inaturalist-open-data.s3.amazonaws.com/photos/733729670/medium.jpg,2026-09-13,"JG86+58, Las Condes, Región Metropolitana, Chile",research,Quillaja saponaria
Quillaja saponaria,SP006_quillay,399894197,733739859,obs_399894197_photo_733739859.jpg,cc-by-nc,"(c) Carolina Vega, some rights reserved (CC BY-NC)",https://www.inaturalist.org/observations/399894197,https://inaturalist-open-data.s3.amazonaws.com/photos/733739859/medium.jpg,2026-09-13,"Las Condes, Región Metropolitana, Chile",research,Quillaja saponaria
