folder,filename,true_species,predicted_species,top1_score,correct_top1,true_species_rank,true_species_score,rank_1_species,rank_1_score,rank_2_species,rank_2_score,rank_3_species,rank_3_score,rank_4_species,rank_4_score,rank_5_species,rank_5_score,rank_6_species,rank_6_score
SP001_peumo,obs_380465077_photo_696057868.jpg,Cryptocarya alba,Lithraea caustica,0.5201869606971741,False,2,0.4724230170249939,Lithraea caustica,0.5201869606971741,Cryptocarya alba,0.4724230170249939,Colliguaja odorifera,0.004629069939255714,Kageneckia oblonga,0.0013292796211317182,Quillaja saponaria,0.0008304691291414201,Podanthus mitiqui,0.00060128269251436
SP001_peumo,obs_380716958_photo_696461788.jpg,Cryptocarya alba,Cryptocarya alba,0.9832583665847778,True,1,0.9832583665847778,Cryptocarya alba,0.9832583665847778,Lithraea caustica,0.016659801825881004,Quillaja saponaria,5.323406003299169e-05,Kageneckia oblonga,2.7299460271024145e-05,Colliguaja odorifera,1.1868289675476262e-06,Podanthus mitiqui,1.601652286353783e-07
SP001_peumo,obs_380716966_photo_696461922.jpg,Cryptocarya alba,Cryptocarya alba,0.8766840100288391,True,1,0.8766840100288391,Cryptocarya alba,0.8766840100288391,Lithraea caustica,0.12243866920471191,Quillaja saponaria,0.0008633972611278296,Kageneckia oblonga,6.903475878061727e-06,Podanthus mitiqui,4.262431048118742e-06,Colliguaja odorifera,2.7953067274211207e-06
SP001_peumo,obs_380717072_photo_696466161.jpg,Cryptocarya alba,Cryptocarya alba,0.9845118522644043,True,1,0.9845118522644043,Cryptocarya alba,0.9845118522644043,Lithraea caustica,0.012897485867142677,Quillaja saponaria,0.0025179991498589516,Kageneckia oblonga,6.513173138955608e-05,Podanthus mitiqui,6.311022843874525e-06,Colliguaja odorifera,1.1531476502568694e-06
SP001_peumo,obs_380717094_photo_696466890.jpg,Cryptocarya alba,Cryptocarya alba,0.9960154891014099,True,1,0.9960154891014099,Cryptocarya alba,0.9960154891014099,Lithraea caustica,0.003459853120148182,Quillaja saponaria,0.0005159904831089079,Kageneckia oblonga,7.003256541793235e-06,Colliguaja odorifera,1.2203911410324508e-06,Podanthus mitiqui,5.09379447066749e-07
SP001_peumo,obs_380717095_photo_696466932.jpg,Cryptocarya alba,Cryptocarya alba,0.9076814651489258,True,1,0.9076814651489258,Cryptocarya alba,0.9076814651489258,Lithraea caustica,0.08151467144489288,Kageneckia oblonga,0.007166606839746237,Quillaja saponaria,0.003565446473658085,Podanthus mitiqui,4.0736656956141815e-05,Colliguaja odorifera,3.1161285733105615e-05
SP001_peumo,obs_380717102_photo_696466974.jpg,Cryptocarya alba,Cryptocarya alba,0.9217290282249451,True,1,0.9217290282249451,Cryptocarya alba,0.9217290282249451,Lithraea caustica,0.07463332265615463,Kageneckia oblonga,0.003118509193882346,Quillaja saponaria,0.00036244525108486414,Colliguaja odorifera,9.354139911010861e-05,Podanthus mitiqui,6.323245906969532e-05
SP001_peumo,obs_380717547_photo_696484563.jpg,Cryptocarya alba,Cryptocarya alba,0.6650649309158325,True,1,0.6650649309158325,Cryptocarya alba,0.6650649309158325,Lithraea caustica,0.3349058926105499,Quillaja saponaria,2.4117347493302077e-05,Colliguaja odorifera,2.7269577458355343e-06,Kageneckia oblonga,2.2380659174814355e-06,Podanthus mitiqui,2.3954666517056467e-07
SP001_peumo,obs_380717586_photo_696485425.jpg,Cryptocarya alba,Cryptocarya alba,0.8734756112098694,True,1,0.8734756112098694,Cryptocarya alba,0.8734756112098694,Lithraea caustica,0.12570270895957947,Kageneckia oblonga,0.0007648600731045008,Quillaja saponaria,4.822345727006905e-05,Colliguaja odorifera,6.62731463307864e-06,Podanthus mitiqui,1.9436517959547928e-06
SP001_peumo,obs_380836235_photo_696772559.jpg,Cryptocarya alba,Cryptocarya alba,0.9908801317214966,True,1,0.9908801317214966,Cryptocarya alba,0.9908801317214966,Quillaja saponaria,0.007767003495246172,Lithraea caustica,0.0008466870640404522,Colliguaja odorifera,0.00034180289367213845,Kageneckia oblonga,0.00015053169045131654,Podanthus mitiqui,1.3810552445647772e-05
SP001_peumo,obs_380851276_photo_696801142.jpg,Cryptocarya alba,Cryptocarya alba,0.9862887859344482,True,1,0.9862887859344482,Cryptocarya alba,0.9862887859344482,Lithraea caustica,0.013575393706560135,Podanthus mitiqui,5.4951695346971974e-05,Colliguaja odorifera,4.1664785385364667e-05,Kageneckia oblonga,3.0681516363983974e-05,Quillaja saponaria,8.53924393595662e-06
SP001_peumo,obs_381251216_photo_697578622.jpg,Cryptocarya alba,Cryptocarya alba,0.8990639448165894,True,1,0.8990639448165894,Cryptocarya alba,0.8990639448165894,Lithraea caustica,0.09761513024568558,Quillaja saponaria,0.0031610445585101843,Kageneckia oblonga,0.0001546474959468469,Colliguaja odorifera,5.246821729087969e-06,Podanthus mitiqui,1.158541174106631e-08
SP001_peumo,obs_381505161_photo_698070171.jpg,Cryptocarya alba,Cryptocarya alba,0.9879905581474304,True,1,0.9879905581474304,Cryptocarya alba,0.9879905581474304,Lithraea caustica,0.011833621188998222,Podanthus mitiqui,0.00015277185593731701,Kageneckia oblonga,1.862987301137764e-05,Quillaja saponaria,3.1084748570719967e-06,Colliguaja odorifera,1.4240105201679398e-06
SP001_peumo,obs_381505248_photo_698070404.jpg,Cryptocarya alba,Cryptocarya alba,0.9995501637458801,True,1,0.9995501637458801,Cryptocarya alba,0.9995501637458801,Lithraea caustica,0.00044822963536717,Kageneckia oblonga,1.2928144315083046e-06,Quillaja saponaria,2.637777640757122e-07,Colliguaja odorifera,2.3756351552606247e-08,Podanthus mitiqui,1.1028907564991641e-08
SP001_peumo,obs_381505586_photo_698071043.jpg,Cryptocarya alba,Cryptocarya alba,0.9967633485794067,True,1,0.9967633485794067,Cryptocarya alba,0.9967633485794067,Lithraea caustica,0.0032344830688089132,Quillaja saponaria,1.1791303222707938e-06,Kageneckia oblonga,9.021689493238227e-07,Colliguaja odorifera,3.9967257947637336e-08,Podanthus mitiqui,3.051960106859042e-08
SP001_peumo,obs_381505685_photo_698071217.jpg,Cryptocarya alba,Cryptocarya alba,0.6462849974632263,True,1,0.6462849974632263,Cryptocarya alba,0.6462849974632263,Lithraea caustica,0.3536813259124756,Kageneckia oblonga,3.207352347089909e-05,Quillaja saponaria,1.2719860933430027e-06,Colliguaja odorifera,3.343918137943547e-07,Podanthus mitiqui,2.8492466164209418e-09
SP001_peumo,obs_382127898_photo_699274529.jpg,Cryptocarya alba,Cryptocarya alba,0.9966753721237183,True,1,0.9966753721237183,Cryptocarya alba,0.9966753721237183,Lithraea caustica,0.0031678942032158375,Kageneckia oblonga,0.00015128044469747692,Quillaja saponaria,3.6146980164630804e-06,Podanthus mitiqui,1.278786385228159e-06,Colliguaja odorifera,6.428376195799501e-07
SP001_peumo,obs_382740184_photo_700449468.jpg,Cryptocarya alba,Cryptocarya alba,0.7203371524810791,True,1,0.7203371524810791,Cryptocarya alba,0.7203371524810791,Lithraea caustica,0.27848488092422485,Kageneckia oblonga,0.0005588814965449274,Quillaja saponaria,0.00046127979294396937,Colliguaja odorifera,0.00015760849055368453,Podanthus mitiqui,1.4760810529423907e-07
SP001_peumo,obs_384318371_photo_703488668.jpg,Cryptocarya alba,Cryptocarya alba,0.9910701513290405,True,1,0.9910701513290405,Cryptocarya alba,0.9910701513290405,Lithraea caustica,0.008125859312713146,Quillaja saponaria,0.0005465460126288235,Kageneckia oblonga,0.0002478633541613817,Colliguaja odorifera,7.714409548498224e-06,Podanthus mitiqui,1.9336466721142642e-06
SP001_peumo,obs_384328748_photo_703508433.jpg,Cryptocarya alba,Cryptocarya alba,0.9757640957832336,True,1,0.9757640957832336,Cryptocarya alba,0.9757640957832336,Lithraea caustica,0.024216236546635628,Kageneckia oblonga,1.824180071707815e-05,Quillaja saponaria,1.3687144928553607e-06,Colliguaja odorifera,5.1491007013737544e-08,Podanthus mitiqui,6.971687671608606e-09
SP001_peumo,obs_385370289_photo_705497596.jpg,Cryptocarya alba,Cryptocarya alba,0.8600695133209229,True,1,0.8600695133209229,Cryptocarya alba,0.8600695133209229,Lithraea caustica,0.1393640786409378,Quillaja saponaria,0.00048074047663249075,Kageneckia oblonga,5.7057310186792165e-05,Colliguaja odorifera,2.495712942618411e-05,Podanthus mitiqui,3.6083308714296436e-06
SP001_peumo,obs_385456824_photo_705663848.jpg,Cryptocarya alba,Cryptocarya alba,0.9971960783004761,True,1,0.9971960783004761,Cryptocarya alba,0.9971960783004761,Lithraea caustica,0.002265382092446089,Quillaja saponaria,0.0005249897367320955,Podanthus mitiqui,9.91197521216236e-06,Kageneckia oblonga,3.5569460123952013e-06,Colliguaja odorifera,1.2240670343999227e-07
SP001_peumo,obs_385679214_photo_706090715.jpg,Cryptocarya alba,Cryptocarya alba,0.5132855176925659,True,1,0.5132855176925659,Cryptocarya alba,0.5132855176925659,Lithraea caustica,0.4844401180744171,Quillaja saponaria,0.0012314047198742628,Kageneckia oblonga,0.0009911992819979787,Colliguaja odorifera,4.627419912139885e-05,Podanthus mitiqui,5.584286554949358e-06
SP001_peumo,obs_389183014_photo_712850208.jpg,Cryptocarya alba,Cryptocarya alba,0.9994907379150391,True,1,0.9994907379150391,Cryptocarya alba,0.9994907379150391,Lithraea caustica,0.00046235989429987967,Quillaja saponaria,3.8607584428973496e-05,Kageneckia oblonga,7.92426635598531e-06,Colliguaja odorifera,2.1058409060970007e-07,Podanthus mitiqui,3.185863661769872e-08
SP001_peumo,obs_389650940_photo_713758967.jpg,Cryptocarya alba,Cryptocarya alba,0.9994055032730103,True,1,0.9994055032730103,Cryptocarya alba,0.9994055032730103,Lithraea caustica,0.0005890924949198961,Kageneckia oblonga,4.2495325942581985e-06,Quillaja saponaria,7.664847885280324e-07,Colliguaja odorifera,1.9636956949398154e-07,Podanthus mitiqui,1.6883358000541193e-07
SP001_peumo,obs_389651063_photo_713759177.jpg,Cryptocarya alba,Cryptocarya alba,0.9392370581626892,True,1,0.9392370581626892,Cryptocarya alba,0.9392370581626892,Lithraea caustica,0.06071087718009949,Kageneckia oblonga,3.2580046536168084e-05,Quillaja saponaria,1.0819559975061566e-05,Podanthus mitiqui,5.6811213653418235e-06,Colliguaja odorifera,2.8671606742136646e-06
SP001_peumo,obs_389856168_photo_714142443.jpg,Cryptocarya alba,Cryptocarya alba,0.9990241527557373,True,1,0.9990241527557373,Cryptocarya alba,0.9990241527557373,Lithraea caustica,0.0006937127909623086,Kageneckia oblonga,0.0002642999170348048,Quillaja saponaria,1.4044891031517182e-05,Podanthus mitiqui,3.496596718832734e-06,Colliguaja odorifera,3.271503885571292e-07
SP001_peumo,obs_389987975_photo_714420896.jpg,Cryptocarya alba,Cryptocarya alba,0.9998341798782349,True,1,0.9998341798782349,Cryptocarya alba,0.9998341798782349,Lithraea caustica,0.00013402577314991504,Quillaja saponaria,2.1629981347359717e-05,Kageneckia oblonga,6.732939709763741e-06,Podanthus mitiqui,3.3560631891305093e-06,Colliguaja odorifera,2.512289256628719e-07
SP001_peumo,obs_390090041_photo_714619209.jpg,Cryptocarya alba,Cryptocarya alba,0.9535946249961853,True,1,0.9535946249961853,Cryptocarya alba,0.9535946249961853,Lithraea caustica,0.04630299285054207,Quillaja saponaria,8.470048487652093e-05,Colliguaja odorifera,1.2380431144265458e-05,Kageneckia oblonga,4.997988526156405e-06,Podanthus mitiqui,3.154343346523092e-07
SP001_peumo,obs_390302885_photo_715034912.jpg,Cryptocarya alba,Cryptocarya alba,0.9614892601966858,True,1,0.9614892601966858,Cryptocarya alba,0.9614892601966858,Lithraea caustica,0.03847438842058182,Quillaja saponaria,2.5059134713956155e-05,Kageneckia oblonga,1.0760216355265584e-05,Colliguaja odorifera,4.693065704941546e-07,Podanthus mitiqui,3.626338340723123e-08
SP001_peumo,obs_390308857_photo_715047434.jpg,Cryptocarya alba,Lithraea caustica,0.815421998500824,False,2,0.18437950313091278,Lithraea caustica,0.815421998500824,Cryptocarya alba,0.18437950313091278,Quillaja saponaria,0.0001818596210796386,Kageneckia oblonga,1.4110654774412978e-05,Colliguaja odorifera,2.3303605303226504e-06,Podanthus mitiqui,2.0703016900824878e-07
SP001_peumo,obs_390404627_photo_715236450.jpg,Cryptocarya alba,Cryptocarya alba,0.9987678527832031,True,1,0.9987678527832031,Cryptocarya alba,0.9987678527832031,Lithraea caustica,0.0012237001210451126,Kageneckia oblonga,4.647330570151098e-06,Quillaja saponaria,3.755348870981834e-06,Colliguaja odorifera,2.1777758263397118e-08,Podanthus mitiqui,1.8302088733435085e-08
SP001_peumo,obs_390490339_photo_715405818.jpg,Cryptocarya alba,Cryptocarya alba,0.9950047135353088,True,1,0.9950047135353088,Cryptocarya alba,0.9950047135353088,Lithraea caustica,0.0025074852164834738,Kageneckia oblonga,0.0022630784660577774,Quillaja saponaria,0.0002121840516338125,Colliguaja odorifera,1.2472793969209306e-05,Podanthus mitiqui,8.122666628196384e-08
SP001_peumo,obs_390604192_photo_715624843.jpg,Cryptocarya alba,Cryptocarya alba,0.9978435039520264,True,1,0.9978435039520264,Cryptocarya alba,0.9978435039520264,Lithraea caustica,0.0021286015398800373,Podanthus mitiqui,1.3063690857961774e-05,Kageneckia oblonga,1.1927704690606333e-05,Quillaja saponaria,2.3669629172218265e-06,Colliguaja odorifera,4.3346673805899627e-07
SP001_peumo,obs_391239916_photo_716863211.jpg,Cryptocarya alba,Lithraea caustica,0.8581171035766602,False,2,0.14036621153354645,Lithraea caustica,0.8581171035766602,Cryptocarya alba,0.14036621153354645,Kageneckia oblonga,0.0014775812160223722,Colliguaja odorifera,3.601639036787674e-05,Quillaja saponaria,3.012737806784571e-06,Podanthus mitiqui,7.179198036055823e-08
SP001_peumo,obs_393023931_photo_720335420.jpg,Cryptocarya alba,Cryptocarya alba,0.9997393488883972,True,1,0.9997393488883972,Cryptocarya alba,0.9997393488883972,Lithraea caustica,0.00015783129492774606,Quillaja saponaria,9.288764704251662e-05,Kageneckia oblonga,6.766957540094154e-06,Podanthus mitiqui,2.4537857825635e-06,Colliguaja odorifera,6.674048904642405e-07
SP001_peumo,obs_393023947_photo_720335531.jpg,Cryptocarya alba,Cryptocarya alba,0.9999889135360718,True,1,0.9999889135360718,Cryptocarya alba,0.9999889135360718,Quillaja saponaria,8.730791705602314e-06,Lithraea caustica,2.425452294119168e-06,Kageneckia oblonga,4.067213055236607e-08,Podanthus mitiqui,2.5294766281547254e-09,Colliguaja odorifera,1.550401196315221e-10
SP001_peumo,obs_393024028_photo_720335691.jpg,Cryptocarya alba,Cryptocarya alba,0.9998620748519897,True,1,0.9998620748519897,Cryptocarya alba,0.9998620748519897,Lithraea caustica,0.00011916739458683878,Quillaja saponaria,1.618672104086727e-05,Podanthus mitiqui,2.0291615783207817e-06,Kageneckia oblonga,5.135458422955708e-07,Colliguaja odorifera,2.4437431633828055e-08
SP001_peumo,obs_393489150_photo_721247247.jpg,Cryptocarya alba,Cryptocarya alba,0.9982026815414429,True,1,0.9982026815414429,Cryptocarya alba,0.9982026815414429,Lithraea caustica,0.0016384577611461282,Quillaja saponaria,0.00010068281699204817,Podanthus mitiqui,5.717682870454155e-05,Colliguaja odorifera,5.437437380351184e-07,Kageneckia oblonga,4.532035973170423e-07
SP001_peumo,obs_393707340_photo_721675089.jpg,Cryptocarya alba,Cryptocarya alba,0.9996042847633362,True,1,0.9996042847633362,Cryptocarya alba,0.9996042847633362,Lithraea caustica,0.00038596527883782983,Quillaja saponaria,8.93214837560663e-06,Kageneckia oblonga,7.326502782234456e-07,Podanthus mitiqui,1.7411531416655635e-07,Colliguaja odorifera,1.3417166044860096e-08
SP001_peumo,obs_394509447_photo_723250091.jpg,Cryptocarya alba,Cryptocarya alba,0.9627923965454102,True,1,0.9627923965454102,Cryptocarya alba,0.9627923965454102,Lithraea caustica,0.037179164588451385,Kageneckia oblonga,1.9751323634409346e-05,Quillaja saponaria,7.98671226220904e-06,Colliguaja odorifera,6.800349297009234e-07,Podanthus mitiqui,4.828831023928615e-08
SP001_peumo,obs_394704227_photo_723632656.jpg,Cryptocarya alba,Cryptocarya alba,0.9993306398391724,True,1,0.9993306398391724,Cryptocarya alba,0.9993306398391724,Lithraea caustica,0.0006652727606706321,Quillaja saponaria,3.468756176516763e-06,Podanthus mitiqui,5.940275968896458e-07,Kageneckia oblonga,8.368279935666578e-08,Colliguaja odorifera,2.0534662859006403e-09
SP001_peumo,obs_395332578_photo_724870191.jpg,Cryptocarya alba,Cryptocarya alba,0.9955641031265259,True,1,0.9955641031265259,Cryptocarya alba,0.9955641031265259,Lithraea caustica,0.0041556693613529205,Kageneckia oblonga,0.00020475976634770632,Quillaja saponaria,5.7555007515475154e-05,Podanthus mitiqui,1.558175245008897e-05,Colliguaja odorifera,2.3195750600280007e-06
SP001_peumo,obs_395507822_photo_725212466.jpg,Cryptocarya alba,Cryptocarya alba,0.9121803045272827,True,1,0.9121803045272827,Cryptocarya alba,0.9121803045272827,Quillaja saponaria,0.08030053973197937,Lithraea caustica,0.004584976471960545,Kageneckia oblonga,0.0027632901910692453,Colliguaja odorifera,0.0001242910948349163,Podanthus mitiqui,4.6671517338836566e-05
SP001_peumo,obs_395510328_photo_725216891.jpg,Cryptocarya alba,Cryptocarya alba,0.9708893299102783,True,1,0.9708893299102783,Cryptocarya alba,0.9708893299102783,Lithraea caustica,0.019432855769991875,Quillaja saponaria,0.007521528750658035,Kageneckia oblonga,0.0021110496018081903,Podanthus mitiqui,2.603496250230819e-05,Colliguaja odorifera,1.9168877770425752e-05
SP001_peumo,obs_396274199_photo_726692825.jpg,Cryptocarya alba,Cryptocarya alba,0.9640309810638428,True,1,0.9640309810638428,Cryptocarya alba,0.9640309810638428,Lithraea caustica,0.03590232506394386,Quillaja saponaria,6.171044515212998e-05,Kageneckia oblonga,3.435068720136769e-06,Colliguaja odorifera,1.3552618156609242e-06,Podanthus mitiqui,1.363927566444545e-07
SP001_peumo,obs_396372337_photo_726908568.jpg,Cryptocarya alba,Cryptocarya alba,0.9722312092781067,True,1,0.9722312092781067,Cryptocarya alba,0.9722312092781067,Lithraea caustica,0.02685519866645336,Kageneckia oblonga,0.0008697972516529262,Colliguaja odorifera,3.692700920510106e-05,Podanthus mitiqui,6.449861757573672e-06,Quillaja saponaria,3.8475832297990564e-07
SP001_peumo,obs_396375835_photo_726914945.jpg,Cryptocarya alba,Cryptocarya alba,0.9968355298042297,True,1,0.9968355298042297,Cryptocarya alba,0.9968355298042297,Lithraea caustica,0.0030316729098558426,Kageneckia oblonga,9.580677578924224e-05,Quillaja saponaria,3.4769407648127526e-05,Colliguaja odorifera,2.14486817640136e-06,Podanthus mitiqui,1.2457702780466207e-07
SP001_peumo,obs_397563380_photo_729190138.jpg,Cryptocarya alba,Cryptocarya alba,0.8964328765869141,True,1,0.8964328765869141,Cryptocarya alba,0.8964328765869141,Quillaja saponaria,0.062277667224407196,Kageneckia oblonga,0.03338306397199631,Lithraea caustica,0.005677412264049053,Podanthus mitiqui,0.0013567543355748057,Colliguaja odorifera,0.0008722650818526745
SP001_peumo,obs_398236784_photo_730508986.jpg,Cryptocarya alba,Kageneckia oblonga,0.6460132598876953,False,4,0.03851064667105675,Kageneckia oblonga,0.6460132598876953,Lithraea caustica,0.24956054985523224,Podanthus mitiqui,0.0498969741165638,Cryptocarya alba,0.03851064667105675,Colliguaja odorifera,0.01570449396967888,Quillaja saponaria,0.0003141514025628567
SP002_litre,obs_383831511_photo_702551386.jpg,Lithraea caustica,Lithraea caustica,0.9967077970504761,True,1,0.9967077970504761,Lithraea caustica,0.9967077970504761,Cryptocarya alba,0.003290980588644743,Kageneckia oblonga,9.866647587841726e-07,Colliguaja odorifera,1.9014245822290832e-07,Quillaja saponaria,4.937979269925563e-08,Podanthus mitiqui,1.5845891709886928e-08
SP002_litre,obs_383834955_photo_702557891.jpg,Lithraea caustica,Lithraea caustica,0.9952239394187927,True,1,0.9952239394187927,Lithraea caustica,0.9952239394187927,Cryptocarya alba,0.004768833518028259,Kageneckia oblonga,5.639557912218152e-06,Colliguaja odorifera,1.3008084351895377e-06,Quillaja saponaria,2.7445392447589256e-07,Podanthus mitiqui,3.66379204752576e-10
SP002_litre,obs_384260619_photo_703379240.jpg,Lithraea caustica,Lithraea caustica,0.9998899698257446,True,1,0.9998899698257446,Lithraea caustica,0.9998899698257446,Cryptocarya alba,7.609009480802342e-05,Kageneckia oblonga,2.9600409106933512e-05,Colliguaja odorifera,4.365469521872001e-06,Quillaja saponaria,5.7587521418156484e-09,Podanthus mitiqui,7.029622717258377e-11
SP002_litre,obs_385079387_photo_704956018.jpg,Lithraea caustica,Lithraea caustica,0.9999082088470459,True,1,0.9999082088470459,Lithraea caustica,0.9999082088470459,Cryptocarya alba,9.169636177830398e-05,Kageneckia oblonga,7.786997713310484e-08,Colliguaja odorifera,4.02287669842849e-09,Quillaja saponaria,1.2111395220060217e-09,Podanthus mitiqui,1.4227599653970913e-10
SP002_litre,obs_385329926_photo_705417958.jpg,Lithraea caustica,Lithraea caustica,0.9885141253471375,True,1,0.9885141253471375,Lithraea caustica,0.9885141253471375,Cryptocarya alba,0.011177333071827888,Kageneckia oblonga,0.00030154717387631536,Colliguaja odorifera,6.394471256498946e-06,Quillaja saponaria,5.170561507839011e-07,Podanthus mitiqui,8.257865857785873e-08
SP002_litre,obs_385421525_photo_705595401.jpg,Lithraea caustica,Lithraea caustica,0.9832707047462463,True,1,0.9832707047462463,Lithraea caustica,0.9832707047462463,Cryptocarya alba,0.016659628599882126,Quillaja saponaria,2.8987858968321234e-05,Podanthus mitiqui,2.7910124117624946e-05,Kageneckia oblonga,7.253207968460629e-06,Colliguaja odorifera,5.566809250012739e-06
SP002_litre,obs_385499174_photo_705748440.jpg,Lithraea caustica,Lithraea caustica,0.9999619722366333,True,1,0.9999619722366333,Lithraea caustica,0.9999619722366333,Kageneckia oblonga,2.9847011319361627e-05,Colliguaja odorifera,6.2675962908542715e-06,Cryptocarya alba,1.8713645886236918e-06,Quillaja saponaria,8.471390811060076e-10,Podanthus mitiqui,1.8983883909307053e-10
SP002_litre,obs_386710922_photo_708066117.jpg,Lithraea caustica,Lithraea caustica,0.9995748400688171,True,1,0.9995748400688171,Lithraea caustica,0.9995748400688171,Cryptocarya alba,0.00018547680519986898,Kageneckia oblonga,0.000168540034792386,Colliguaja odorifera,7.028903200989589e-05,Quillaja saponaria,8.419486334787507e-07,Podanthus mitiqui,2.067411308814826e-08
SP002_litre,obs_388560622_photo_711657806.jpg,Lithraea caustica,Lithraea caustica,0.9993318915367126,True,1,0.9993318915367126,Lithraea caustica,0.9993318915367126,Kageneckia oblonga,0.000564830144867301,Cryptocarya alba,9.466374467592686e-05,Colliguaja odorifera,7.681526767555624e-06,Quillaja saponaria,9.94757101580035e-07,Podanthus mitiqui,2.8752054070935174e-09
SP002_litre,obs_389183776_photo_712851699.jpg,Lithraea caustica,Lithraea caustica,0.998281717300415,True,1,0.998281717300415,Lithraea caustica,0.998281717300415,Cryptocarya alba,0.001626034383662045,Kageneckia oblonga,5.680870162905194e-05,Colliguaja odorifera,1.9419088857830502e-05,Quillaja saponaria,1.438981416868046e-05,Podanthus mitiqui,1.6297143474730547e-06
SP002_litre,obs_389200548_photo_712882278.jpg,Lithraea caustica,Lithraea caustica,0.9675319194793701,True,1,0.9675319194793701,Lithraea caustica,0.9675319194793701,Kageneckia oblonga,0.0251103974878788,Cryptocarya alba,0.0064018722623586655,Colliguaja odorifera,0.0007544539985246956,Quillaja saponaria,0.00010906070383498445,Podanthus mitiqui,9.22294202609919e-05
SP002_litre,obs_389862573_photo_714169921.jpg,Lithraea caustica,Lithraea caustica,0.9945112466812134,True,1,0.9945112466812134,Lithraea caustica,0.9945112466812134,Cryptocarya alba,0.005389965604990721,Kageneckia oblonga,7.533169264206663e-05,Quillaja saponaria,1.6778534700279124e-05,Colliguaja odorifera,6.207235401234357e-06,Podanthus mitiqui,4.2117838461308565e-07
SP002_litre,obs_389986306_photo_714417415.jpg,Lithraea caustica,Lithraea caustica,0.9993895292282104,True,1,0.9993895292282104,Lithraea caustica,0.9993895292282104,Cryptocarya alba,0.0006063606706447899,Podanthus mitiqui,2.2678425466438057e-06,Colliguaja odorifera,1.3954728501630598e-06,Kageneckia oblonga,3.489677169454808e-07,Quillaja saponaria,1.0423606866538648e-08
SP002_litre,obs_390106021_photo_714648438.jpg,Lithraea caustica,Lithraea caustica,0.9998807907104492,True,1,0.9998807907104492,Lithraea caustica,0.9998807907104492,Cryptocarya alba,8.784872625255957e-05,Kageneckia oblonga,2.3099793907022104e-05,Colliguaja odorifera,8.259894457296468e-06,Quillaja saponaria,3.227124523164093e-08,Podanthus mitiqui,1.2228847268147547e-08
SP002_litre,obs_390108449_photo_714652739.jpg,Lithraea caustica,Lithraea caustica,0.99992835521698,True,1,0.99992835521698,Lithraea caustica,0.99992835521698,Kageneckia oblonga,2.8871740141767077e-05,Colliguaja odorifera,2.321786269021686e-05,Cryptocarya alba,1.9045673980144784e-05,Quillaja saponaria,3.7553812148871657e-07,Podanthus mitiqui,1.6340776198831009e-07
SP002_litre,obs_390404281_photo_715235690.jpg,Lithraea caustica,Lithraea caustica,0.9999566078186035,True,1,0.9999566078186035,Lithraea caustica,0.9999566078186035,Cryptocarya alba,3.3045016607502475e-05,Kageneckia oblonga,6.781040156056406e-06,Colliguaja odorifera,3.5432774438959314e-06,Quillaja saponaria,3.2655119497349006e-08,Podanthus mitiqui,1.539349536727741e-09
SP002_litre,obs_391264420_photo_716911754.jpg,Lithraea caustica,Lithraea caustica,0.9757297039031982,True,1,0.9757297039031982,Lithraea caustica,0.9757297039031982,Kageneckia oblonga,0.015450001694262028,Cryptocarya alba,0.007505583111196756,Colliguaja odorifera,0.0006638498743996024,Quillaja saponaria,0.0005650378298014402,Podanthus mitiqui,8.580600115237758e-05
SP002_litre,obs_391649866_photo_717667011.jpg,Lithraea caustica,Lithraea caustica,0.9971786737442017,True,1,0.9971786737442017,Lithraea caustica,0.9971786737442017,Cryptocarya alba,0.0015865033492445946,Kageneckia oblonga,0.0011235926067456603,Colliguaja odorifera,0.00011071137123508379,Quillaja saponaria,5.72173405544163e-07,Podanthus mitiqui,3.824106897809543e-08
SP002_litre,obs_391794608_photo_717938537.jpg,Lithraea caustica,Lithraea caustica,0.9962687492370605,True,1,0.9962687492370605,Lithraea caustica,0.9962687492370605,Cryptocarya alba,0.00368843087926507,Kageneckia oblonga,3.2613643270451576e-05,Colliguaja odorifera,9.492849130765535e-06,Quillaja saponaria,4.257512671301811e-07,Podanthus mitiqui,1.231016710789845e-07
SP002_litre,obs_391794611_photo_717938581.jpg,Lithraea caustica,Cryptocarya alba,0.8916614055633545,False,2,0.10809160023927689,Cryptocarya alba,0.8916614055633545,Lithraea caustica,0.10809160023927689,Kageneckia oblonga,0.00021238814224489033,Podanthus mitiqui,2.5191413442371413e-05,Colliguaja odorifera,5.704039267584449e-06,Quillaja saponaria,3.7125955714145675e-06
SP002_litre,obs_391856091_photo_718057372.jpg,Lithraea caustica,Lithraea caustica,0.9999673366546631,True,1,0.9999673366546631,Lithraea caustica,0.9999673366546631,Cryptocarya alba,3.018725328729488e-05,Kageneckia oblonga,2.0700010736618424e-06,Colliguaja odorifera,4.730926264073787e-07,Quillaja saponaria,4.185324531391643e-09,Podanthus mitiqui,1.9799120676289306e-10
SP002_litre,obs_391886915_photo_718114946.jpg,Lithraea caustica,Lithraea caustica,0.9994680285453796,True,1,0.9994680285453796,Lithraea caustica,0.9994680285453796,Cryptocarya alba,0.00047478932538069785,Kageneckia oblonga,4.593868288793601e-05,Colliguaja odorifera,1.003006036626175e-05,Quillaja saponaria,1.246804345100827e-06,Podanthus mitiqui,2.990753955600667e-08
SP002_litre,obs_392734587_photo_719770742.jpg,Lithraea caustica,Lithraea caustica,0.9923734068870544,True,1,0.9923734068870544,Lithraea caustica,0.9923734068870544,Kageneckia oblonga,0.007246517110615969,Cryptocarya alba,0.0003247982240281999,Colliguaja odorifera,5.511508061317727e-05,Quillaja saponaria,6.43278923462276e-08,Podanthus mitiqui,4.612097370682022e-08
SP002_litre,obs_393015393_photo_720319430.jpg,Lithraea caustica,Lithraea caustica,0.9182753562927246,True,1,0.9182753562927246,Lithraea caustica,0.9182753562927246,Cryptocarya alba,0.08148416131734848,Quillaja saponaria,0.00014384988753590733,Kageneckia oblonga,8.872280159266666e-05,Colliguaja odorifera,7.821068720659241e-06,Podanthus mitiqui,2.0161539282526064e-07
SP002_litre,obs_393488545_photo_721246215.jpg,Lithraea caustica,Lithraea caustica,0.998309850692749,True,1,0.998309850692749,Lithraea caustica,0.998309850692749,Cryptocarya alba,0.0015118506271392107,Kageneckia oblonga,0.00014724009088240564,Quillaja saponaria,2.2718411855748855e-05,Colliguaja odorifera,8.309284567076247e-06,Podanthus mitiqui,5.670304759064493e-08
SP002_litre,obs_393707227_photo_721674829.jpg,Lithraea caustica,Lithraea caustica,0.9999715089797974,True,1,0.9999715089797974,Lithraea caustica,0.9999715089797974,Cryptocarya alba,2.2430274839280173e-05,Kageneckia oblonga,6.108934485382633e-06,Colliguaja odorifera,2.1464325428155462e-08,Quillaja saponaria,3.2201967758993533e-09,Podanthus mitiqui,9.809845297192865e-11
SP002_litre,obs_393871141_photo_721992660.jpg,Lithraea caustica,Lithraea caustica,0.9997597336769104,True,1,0.9997597336769104,Lithraea caustica,0.9997597336769104,Kageneckia oblonga,0.00016033349675126374,Cryptocarya alba,4.859065666096285e-05,Colliguaja odorifera,3.0923827580409124e-05,Quillaja saponaria,4.511915392413357e-07,Podanthus mitiqui,1.169381391719071e-08
SP002_litre,obs_393892282_photo_721986582.jpg,Lithraea caustica,Lithraea caustica,0.9997346997261047,True,1,0.9997346997261047,Lithraea caustica,0.9997346997261047,Colliguaja odorifera,0.00016022066120058298,Kageneckia oblonga,8.541256102034822e-05,Cryptocarya alba,1.9714761947398074e-05,Quillaja saponaria,3.6624328458856326e-08,Podanthus mitiqui,2.9436206805399934e-09
SP002_litre,obs_394510571_photo_723252579.jpg,Lithraea caustica,Lithraea caustica,0.9912448525428772,True,1,0.9912448525428772,Lithraea caustica,0.9912448525428772,Cryptocarya alba,0.008284742943942547,Colliguaja odorifera,0.00023442553356289864,Kageneckia oblonga,0.00021515379194170237,Podanthus mitiqui,1.1368595551175531e-05,Quillaja saponaria,9.417743967787828e-06
SP002_litre,obs_395963939_photo_726093861.jpg,Lithraea caustica,Lithraea caustica,0.9998773336410522,True,1,0.9998773336410522,Lithraea caustica,0.9998773336410522,Kageneckia oblonga,7.377682049991563e-05,Cryptocarya alba,4.799431189894676e-05,Colliguaja odorifera,8.604014851698594e-07,Quillaja saponaria,5.692413651559036e-09,Podanthus mitiqui,3.024473727020194e-10
SP002_litre,obs_396261528_photo_726689534.jpg,Lithraea caustica,Lithraea caustica,0.9993125200271606,True,1,0.9993125200271606,Lithraea caustica,0.9993125200271606,Cryptocarya alba,0.000453346612630412,Kageneckia oblonga,0.00023243353643920273,Colliguaja odorifera,1.2064552947776974e-06,Quillaja saponaria,4.5636329559783917e-07,Podanthus mitiqui,4.253087659833454e-09
SP002_litre,obs_396486442_photo_727098156.jpg,Lithraea caustica,Lithraea caustica,0.9978665709495544,True,1,0.9978665709495544,Lithraea caustica,0.9978665709495544,Kageneckia oblonga,0.0010109186405315995,Cryptocarya alba,0.0009203746449202299,Quillaja saponaria,0.00014109986659605056,Colliguaja odorifera,6.1005215684417635e-05,Podanthus mitiqui,1.4791969249472459e-07
SP002_litre,obs_397428287_photo_728928538.jpg,Lithraea caustica,Lithraea caustica,0.999442994594574,True,1,0.999442994594574,Lithraea caustica,0.999442994594574,Kageneckia oblonga,0.00044344362686388195,Cryptocarya alba,6.909417425049469e-05,Colliguaja odorifera,4.4337237341096625e-05,Quillaja saponaria,1.7504144977920078e-07,Podanthus mitiqui,1.2977777741340901e-09
SP002_litre,obs_397442526_photo_728958430.jpg,Lithraea caustica,Lithraea caustica,0.9998717308044434,True,1,0.9998717308044434,Lithraea caustica,0.9998717308044434,Kageneckia oblonga,0.00010001138434745371,Colliguaja odorifera,1.816762778616976e-05,Cryptocarya alba,1.0145809028472286e-05,Quillaja saponaria,1.9469290180040844e-08,Podanthus mitiqui,9.217811236528206e-11
SP002_litre,obs_397451705_photo_728975907.jpg,Lithraea caustica,Lithraea caustica,0.9999314546585083,True,1,0.9999314546585083,Lithraea caustica,0.9999314546585083,Colliguaja odorifera,3.407725671422668e-05,Cryptocarya alba,2.598421269794926e-05,Kageneckia oblonga,8.424261977779679e-06,Podanthus mitiqui,4.408034115499504e-08,Quillaja saponaria,5.393172020085046e-10
SP002_litre,obs_397527501_photo_729119494.jpg,Lithraea caustica,Lithraea caustica,0.7345558404922485,True,1,0.7345558404922485,Lithraea caustica,0.7345558404922485,Kageneckia oblonga,0.2506972849369049,Cryptocarya alba,0.012337762862443924,Quillaja saponaria,0.0016461571212857962,Colliguaja odorifera,0.0006049362709745765,Podanthus mitiqui,0.00015807274030521512
SP002_litre,obs_397540925_photo_729145265.jpg,Lithraea caustica,Lithraea caustica,0.7733295559883118,True,1,0.7733295559883118,Lithraea caustica,0.7733295559883118,Cryptocarya alba,0.2153167724609375,Kageneckia oblonga,0.011336656287312508,Quillaja saponaria,1.2469447028706782e-05,Podanthus mitiqui,2.472957703503198e-06,Colliguaja odorifera,2.0780905742867617e-06
SP002_litre,obs_397541749_photo_729146802.jpg,Lithraea caustica,Lithraea caustica,0.955207884311676,True,1,0.955207884311676,Lithraea caustica,0.955207884311676,Podanthus mitiqui,0.03159193694591522,Kageneckia oblonga,0.007677821442484856,Colliguaja odorifera,0.003966764081269503,Cryptocarya alba,0.0010460159974172711,Quillaja saponaria,0.0005096980021335185
SP002_litre,obs_397541938_photo_729147298.jpg,Lithraea caustica,Lithraea caustica,0.9999947547912598,True,1,0.9999947547912598,Lithraea caustica,0.9999947547912598,Cryptocarya alba,4.426533905643737e-06,Kageneckia oblonga,4.455364717159682e-07,Colliguaja odorifera,3.34593835304986e-07,Quillaja saponaria,8.62410942659153e-09,Podanthus mitiqui,1.2352834900808407e-11
SP002_litre,obs_397563786_photo_729190846.jpg,Lithraea caustica,Cryptocarya alba,0.8198740482330322,False,2,0.1769493818283081,Cryptocarya alba,0.8198740482330322,Lithraea caustica,0.1769493818283081,Kageneckia oblonga,0.0023053186014294624,Quillaja saponaria,0.0005237616715021431,Colliguaja odorifera,0.0002915172663051635,Podanthus mitiqui,5.585757389781065e-05
SP002_litre,obs_397645318_photo_729357097.jpg,Lithraea caustica,Lithraea caustica,0.9999061822891235,True,1,0.9999061822891235,Lithraea caustica,0.9999061822891235,Cryptocarya alba,6.21309518464841e-05,Kageneckia oblonga,2.8940787160536274e-05,Colliguaja odorifera,2.6999239253200358e-06,Quillaja saponaria,7.20301041035043e-10,Podanthus mitiqui,2.6693171978342534e-11
SP002_litre,obs_397916863_photo_729880393.jpg,Lithraea caustica,Lithraea caustica,0.9115507006645203,True,1,0.9115507006645203,Lithraea caustica,0.9115507006645203,Cryptocarya alba,0.08380793035030365,Kageneckia oblonga,0.004638757556676865,Quillaja saponaria,1.473679390073812e-06,Colliguaja odorifera,1.1726270940926042e-06,Podanthus mitiqui,1.2153020811922488e-09
SP002_litre,obs_398013068_photo_730248694.jpg,Lithraea caustica,Lithraea caustica,0.9999377727508545,True,1,0.9999377727508545,Lithraea caustica,0.9999377727508545,Cryptocarya alba,5.420155866886489e-05,Kageneckia oblonga,7.215765890578041e-06,Colliguaja odorifera,6.310792741714977e-07,Quillaja saponaria,8.618557956197037e-08,Podanthus mitiqui,2.6823386178875808e-08
SP002_litre,obs_398889839_photo_731791772.jpg,Lithraea caustica,Lithraea caustica,0.9999814033508301,True,1,0.9999814033508301,Lithraea caustica,0.9999814033508301,Cryptocarya alba,1.509167213953333e-05,Kageneckia oblonga,2.921661462096381e-06,Colliguaja odorifera,4.548154777239688e-07,Quillaja saponaria,3.2148880779736544e-10,Podanthus mitiqui,2.0624828234172554e-10
SP002_litre,obs_399374023_photo_732719280.jpg,Lithraea caustica,Lithraea caustica,0.9993758797645569,True,1,0.9993758797645569,Lithraea caustica,0.9993758797645569,Kageneckia oblonga,0.0004011476703453809,Cryptocarya alba,0.0001992243924178183,Colliguaja odorifera,2.3745540602249093e-05,Quillaja saponaria,9.702816328172048e-08,Podanthus mitiqui,4.1289482943795974e-09
SP002_litre,obs_399591996_photo_733143992.jpg,Lithraea caustica,Lithraea caustica,0.9998371601104736,True,1,0.9998371601104736,Lithraea caustica,0.9998371601104736,Cryptocarya alba,0.00012052219244651496,Colliguaja odorifera,3.6546352930599824e-05,Kageneckia oblonga,5.6099547691701446e-06,Podanthus mitiqui,7.15416135221858e-08,Quillaja saponaria,2.8038337873681485e-08
SP002_litre,obs_399875643_photo_733705380.jpg,Lithraea caustica,Lithraea caustica,0.997735857963562,True,1,0.997735857963562,Lithraea caustica,0.997735857963562,Colliguaja odorifera,0.0018472297815605998,Cryptocarya alba,0.0002883472479879856,Kageneckia oblonga,0.00012815067020710558,Quillaja saponaria,4.38029076121893e-07,Podanthus mitiqui,2.0668062816753263e-08
SP002_litre,obs_399878231_photo_733709623.jpg,Lithraea caustica,Lithraea caustica,0.9999161958694458,True,1,0.9999161958694458,Lithraea caustica,0.9999161958694458,Cryptocarya alba,4.682714643422514e-05,Colliguaja odorifera,2.4973143808892928e-05,Kageneckia oblonga,1.195129516418092e-05,Quillaja saponaria,4.153859123334769e-08,Podanthus mitiqui,2.9711895166428803e-08
SP002_litre,obs_400098590_photo_734136365.jpg,Lithraea caustica,Lithraea caustica,0.9997089505195618,True,1,0.9997089505195618,Lithraea caustica,0.9997089505195618,Cryptocarya alba,0.0002636731951497495,Colliguaja odorifera,1.4625596122641582e-05,Kageneckia oblonga,1.2773910384566989e-05,Quillaja saponaria,4.962225297333589e-09,Podanthus mitiqui,1.0611632406121174e-10
SP002_litre,obs_400101811_photo_734143747.jpg,Lithraea caustica,Lithraea caustica,0.99932861328125,True,1,0.99932861328125,Lithraea caustica,0.99932861328125,Cryptocarya alba,0.0006323411362245679,Kageneckia oblonga,3.481782550807111e-05,Colliguaja odorifera,4.126680778426817e-06,Quillaja saponaria,1.4477497245479753e-07,Podanthus mitiqui,6.260460483353825e-10
SP003_bollen,obs_374093913_photo_683729281.jpg,Kageneckia oblonga,Kageneckia oblonga,0.9992560744285583,True,1,0.9992560744285583,Kageneckia oblonga,0.9992560744285583,Lithraea caustica,0.0006245093536563218,Colliguaja odorifera,0.00010865933290915564,Cryptocarya alba,1.0692938303691335e-05,Podanthus mitiqui,1.3528786269034754e-07,Quillaja saponaria,3.843404883241419e-08
SP003_bollen,obs_375433062_photo_686339879.jpg,Kageneckia oblonga,Kageneckia oblonga,0.9965739250183105,True,1,0.9965739250183105,Kageneckia oblonga,0.9965739250183105,Lithraea caustica,0.003373612416908145,Colliguaja odorifera,2.9806538805132732e-05,Cryptocarya alba,2.1923704480286688e-05,Podanthus mitiqui,6.619627015425067e-07,Quillaja saponaria,3.5325387059970126e-09
SP003_bollen,obs_376623237_photo_688632196.jpg,Kageneckia oblonga,Kageneckia oblonga,0.8973552584648132,True,1,0.8973552584648132,Kageneckia oblonga,0.8973552584648132,Lithraea caustica,0.09580720216035843,Colliguaja odorifera,0.005505794193595648,Cryptocarya alba,0.0013310738140717149,Quillaja saponaria,3.8324265005940106e-07,Podanthus mitiqui,2.0584833748671372e-07
SP003_bollen,obs_376836464_photo_689048175.jpg,Kageneckia oblonga,Lithraea caustica,0.9573794007301331,False,2,0.042524129152297974,Lithraea caustica,0.9573794007301331,Kageneckia oblonga,0.042524129152297974,Cryptocarya alba,8.669598901178688e-05,Colliguaja odorifera,9.68281710811425e-06,Quillaja saponaria,1.838482610594383e-08,Podanthus mitiqui,3.995581199234266e-09
SP003_bollen,obs_376908122_photo_689182450.jpg,Kageneckia oblonga,Lithraea caustica,0.8516117930412292,False,3,0.03348381072282791,Lithraea caustica,0.8516117930412292,Cryptocarya alba,0.11485985666513443,Kageneckia oblonga,0.03348381072282791,Colliguaja odorifera,4.321614687796682e-05,Quillaja saponaria,1.2500653383540339e-06,Podanthus mitiqui,3.0487147029134576e-08
SP003_bollen,obs_377323488_photo_689980026.jpg,Kageneckia oblonga,Kageneckia oblonga,0.9994105100631714,True,1,0.9994105100631714,Kageneckia oblonga,0.9994105100631714,Lithraea caustica,0.0004613327037077397,Colliguaja odorifera,0.00011991323117399588,Cryptocarya alba,8.144182174874004e-06,Podanthus mitiqui,7.539058088923412e-08,Quillaja saponaria,5.9545197217403256e-08
SP003_bollen,obs_377323499_photo_689980716.jpg,Kageneckia oblonga,Kageneckia oblonga,0.6379776000976562,True,1,0.6379776000976562,Kageneckia oblonga,0.6379776000976562,Lithraea caustica,0.3514414429664612,Cryptocarya alba,0.007265997119247913,Colliguaja odorifera,0.0032958209048956633,Quillaja saponaria,1.7227652278961614e-05,Podanthus mitiqui,1.8913937083198107e-06
SP003_bollen,obs_377323509_photo_689980942.jpg,Kageneckia oblonga,Kageneckia oblonga,0.7812809944152832,True,1,0.7812809944152832,Kageneckia oblonga,0.7812809944152832,Lithraea caustica,0.21838873624801636,Colliguaja odorifera,0.00021482717420440167,Cryptocarya alba,0.00011535290104802698,Podanthus mitiqui,5.281512560628698e-09,Quillaja saponaria,2.6761521887408435e-09
SP003_bollen,obs_378221336_photo_691718143.jpg,Kageneckia oblonga,Kageneckia oblonga,0.9999904632568359,True,1,0.9999904632568359,Kageneckia oblonga,0.9999904632568359,Colliguaja odorifera,5.991759280732367e-06,Lithraea caustica,2.808045337587828e-06,Podanthus mitiqui,4.099339889762632e-07,Quillaja saponaria,2.677420809504838e-07,Cryptocarya alba,1.1559058776811071e-07
SP003_bollen,obs_378606062_photo_692460680.jpg,Kageneckia oblonga,Kageneckia oblonga,0.8248533606529236,True,1,0.8248533606529236,Kageneckia oblonga,0.8248533606529236,Lithraea caustica,0.17432919144630432,Cryptocarya alba,0.00046585791278630495,Colliguaja odorifera,0.0003501167520880699,Quillaja saponaria,1.2505375934779295e-06,Podanthus mitiqui,1.219524250473114e-07
SP003_bollen,obs_380407161_photo_695944834.jpg,Kageneckia oblonga,Kageneckia oblonga,0.900766909122467,True,1,0.900766909122467,Kageneckia oblonga,0.900766909122467,Lithraea caustica,0.09537354856729507,Cryptocarya alba,0.003593320259824395,Colliguaja odorifera,0.000264626374701038,Quillaja saponaria,1.4496664562102524e-06,Podanthus mitiqui,1.3494135941982677e-07
SP003_bollen,obs_380881309_photo_696860794.jpg,Kageneckia oblonga,Kageneckia oblonga,0.9741339087486267,True,1,0.9741339087486267,Kageneckia oblonga,0.9741339087486267,Lithraea caustica,0.025689080357551575,Colliguaja odorifera,0.00013978515926282853,Cryptocarya alba,3.6105808248976246e-05,Quillaja saponaria,9.301110708292981e-07,Podanthus mitiqui,5.877377873275691e-08
SP003_bollen,obs_381248128_photo_697572605.jpg,Kageneckia oblonga,Kageneckia oblonga,0.5385707020759583,True,1,0.5385707020759583,Kageneckia oblonga,0.5385707020759583,Lithraea caustica,0.4605444371700287,Cryptocarya alba,0.0008306319359689951,Colliguaja odorifera,4.1888837586157024e-05,Quillaja saponaria,6.850802037661197e-06,Podanthus mitiqui,5.493697699421318e-06
SP003_bollen,obs_382135083_photo_699288919.jpg,Kageneckia oblonga,Kageneckia oblonga,0.7436119914054871,True,1,0.7436119914054871,Kageneckia oblonga,0.7436119914054871,Lithraea caustica,0.2530379295349121,Colliguaja odorifera,0.0027546302881091833,Cryptocarya alba,0.0005898242234252393,Quillaja saponaria,3.5741600186156575e-06,Podanthus mitiqui,2.0085660707991337e-06
SP003_bollen,obs_383059595_photo_701062801.jpg,Kageneckia oblonga,Kageneckia oblonga,0.999692440032959,True,1,0.999692440032959,Kageneckia oblonga,0.999692440032959,Lithraea caustica,0.00029840916977263987,Colliguaja odorifera,7.99034478404792e-06,Cryptocarya alba,5.524095172404486e-07,Podanthus mitiqui,4.84805070755101e-07,Quillaja saponaria,1.0247240567196059e-07
SP003_bollen,obs_383369717_photo_701663835.jpg,Kageneckia oblonga,Kageneckia oblonga,0.9986924529075623,True,1,0.9986924529075623,Kageneckia oblonga,0.9986924529075623,Lithraea caustica,0.0012510488741099834,Colliguaja odorifera,5.067492020316422e-05,Podanthus mitiqui,2.2779618120694067e-06,Quillaja saponaria,2.071206381515367e-06,Cryptocarya alba,1.5647590316802962e-06
SP003_bollen,obs_383449592_photo_701819527.jpg,Kageneckia oblonga,Kageneckia oblonga,0.9929146766662598,True,1,0.9929146766662598,Kageneckia oblonga,0.9929146766662598,Lithraea caustica,0.006885797716677189,Cryptocarya alba,0.00017404368554707617,Colliguaja odorifera,1.9836183128063567e-05,Quillaja saponaria,5.336616595741361e-06,Podanthus mitiqui,2.2572695002054388e-07
SP003_bollen,obs_383657013_photo_702215085.jpg,Kageneckia oblonga,Lithraea caustica,0.696121096611023,False,2,0.19084396958351135,Lithraea caustica,0.696121096611023,Kageneckia oblonga,0.19084396958351135,Cryptocarya alba,0.11281969398260117,Colliguaja odorifera,0.0001808106026146561,Quillaja saponaria,2.2341344447340816e-05,Podanthus mitiqui,1.2015848369628657e-05
SP003_bollen,obs_383684907_photo_702267234.jpg,Kageneckia oblonga,Kageneckia oblonga,0.7603912353515625,True,1,0.7603912353515625,Kageneckia oblonga,0.7603912353515625,Lithraea caustica,0.2314184010028839,Colliguaja odorifera,0.0047554983757436275,Cryptocarya alba,0.0033285976387560368,Quillaja saponaria,9.443260205443949e-05,Podanthus mitiqui,1.1834469660243485e-05
SP003_bollen,obs_384426518_photo_703701691.jpg,Kageneckia oblonga,Kageneckia oblonga,0.9881517291069031,True,1,0.9881517291069031,Kageneckia oblonga,0.9881517291069031,Lithraea caustica,0.010730776004493237,Cryptocarya alba,0.000559551699552685,Colliguaja odorifera,0.0005567751941271126,Quillaja saponaria,6.584875222870323e-07,Podanthus mitiqui,3.442548290877312e-07
SP003_bollen,obs_385498274_photo_705746586.jpg,Kageneckia oblonga,Kageneckia oblonga,0.8801286220550537,True,1,0.8801286220550537,Kageneckia oblonga,0.8801286220550537,Colliguaja odorifera,0.11950568109750748,Lithraea caustica,0.0002713899302762002,Cryptocarya alba,7.196002115961164e-05,Podanthus mitiqui,1.7811014913604595e-05,Quillaja saponaria,4.439350504981121e-06
SP003_bollen,obs_385689236_photo_706109374.jpg,Kageneckia oblonga,Kageneckia oblonga,0.9971404075622559,True,1,0.9971404075622559,Kageneckia oblonga,0.9971404075622559,Lithraea caustica,0.002549441996961832,Cryptocarya alba,0.00022669228201266378,Colliguaja odorifera,7.341898890445009e-05,Quillaja saponaria,7.898759577074088e-06,Podanthus mitiqui,2.175606596210855e-06
SP003_bollen,obs_386080548_photo_706862894.jpg,Kageneckia oblonga,Kageneckia oblonga,0.8236134052276611,True,1,0.8236134052276611,Kageneckia oblonga,0.8236134052276611,Lithraea caustica,0.17544840276241302,Colliguaja odorifera,0.0004988776054233313,Cryptocarya alba,0.0003381890128366649,Quillaja saponaria,9.992425475502387e-05,Podanthus mitiqui,1.2063687790941913e-06
SP003_bollen,obs_387978535_photo_710513936.jpg,Kageneckia oblonga,Kageneckia oblonga,0.9332998394966125,True,1,0.9332998394966125,Kageneckia oblonga,0.9332998394966125,Colliguaja odorifera,0.02899698168039322,Lithraea caustica,0.028191599994897842,Quillaja saponaria,0.006046369671821594,Cryptocarya alba,0.002527048345655203,Podanthus mitiqui,0.0009381851414218545
SP003_bollen,obs_389171140_photo_712814236.jpg,Kageneckia oblonga,Kageneckia oblonga,0.9746298789978027,True,1,0.9746298789978027,Kageneckia oblonga,0.9746298789978027,Colliguaja odorifera,0.023433169350028038,Lithraea caustica,0.001399060245603323,Cryptocarya alba,0.0005104853771626949,Quillaja saponaria,1.9870531104970723e-05,Podanthus mitiqui,7.549803740403149e-06
SP003_bollen,obs_389171146_photo_712814419.jpg,Kageneckia oblonga,Kageneckia oblonga,0.6725078225135803,True,1,0.6725078225135803,Kageneckia oblonga,0.6725078225135803,Lithraea caustica,0.2992260456085205,Cryptocarya alba,0.025665616616606712,Colliguaja odorifera,0.0024018895346671343,Quillaja saponaria,0.00019700272241607308,Podanthus mitiqui,1.6316016626660712e-06
SP003_bollen,obs_389171148_photo_712814513.jpg,Kageneckia oblonga,Kageneckia oblonga,0.9988162517547607,True,1,0.9988162517547607,Kageneckia oblonga,0.9988162517547607,Lithraea caustica,0.0008000971865840256,Colliguaja odorifera,0.0003736471990123391,Cryptocarya alba,9.672823580331169e-06,Quillaja saponaria,2.243923518108204e-07,Podanthus mitiqui,1.1897220275614018e-07
SP003_bollen,obs_390192569_photo_714824752.jpg,Kageneckia oblonga,Kageneckia oblonga,0.9436154961585999,True,1,0.9436154961585999,Kageneckia oblonga,0.9436154961585999,Lithraea caustica,0.056310370564460754,Cryptocarya alba,5.434242120827548e-05,Colliguaja odorifera,1.570177664689254e-05,Quillaja saponaria,3.888908850058215e-06,Podanthus mitiqui,6.459396217906033e-08
SP003_bollen,obs_390400914_photo_715228814.jpg,Kageneckia oblonga,Kageneckia oblonga,0.9956340193748474,True,1,0.9956340193748474,Kageneckia oblonga,0.9956340193748474,Colliguaja odorifera,0.0022185088600963354,Lithraea caustica,0.001917851041071117,Cryptocarya alba,0.00022567388077732176,Podanthus mitiqui,3.845521860057488e-06,Quillaja saponaria,1.5139102060857113e-07
SP003_bollen,obs_390404421_photo_715235987.jpg,Kageneckia oblonga,Kageneckia oblonga,0.8040198683738708,True,1,0.8040198683738708,Kageneckia oblonga,0.8040198683738708,Cryptocarya alba,0.12685194611549377,Lithraea caustica,0.05887068808078766,Colliguaja odorifera,0.00949775893241167,Quillaja saponaria,0.0006114691495895386,Podanthus mitiqui,0.00014831320731900632
SP003_bollen,obs_390601986_photo_715620765.jpg,Kageneckia oblonga,Kageneckia oblonga,0.9781236052513123,True,1,0.9781236052513123,Kageneckia oblonga,0.9781236052513123,Lithraea caustica,0.021325241774320602,Cryptocarya alba,0.0004547181015368551,Colliguaja odorifera,9.628910629544407e-05,Quillaja saponaria,9.91497657309992e-08,Podanthus mitiqui,1.6616681364212127e-08
SP003_bollen,obs_391242567_photo_716868601.jpg,Kageneckia oblonga,Kageneckia oblonga,0.9875831007957458,True,1,0.9875831007957458,Kageneckia oblonga,0.9875831007957458,Cryptocarya alba,0.006582279689610004,Lithraea caustica,0.005065904464572668,Colliguaja odorifera,0.0007130045560188591,Quillaja saponaria,5.3315441618906334e-05,Podanthus mitiqui,2.327073161723092e-06
SP003_bollen,obs_391880993_photo_718103928.jpg,Kageneckia oblonga,Kageneckia oblonga,0.9999133348464966,True,1,0.9999133348464966,Kageneckia oblonga,0.9999133348464966,Colliguaja odorifera,7.712933438597247e-05,Lithraea caustica,5.923891421844019e-06,Cryptocarya alba,3.434847485550563e-06,Podanthus mitiqui,8.971617404540666e-08,Quillaja saponaria,3.7757203585897514e-08
SP003_bollen,obs_392011237_photo_718357036.jpg,Kageneckia oblonga,Kageneckia oblonga,0.9792523980140686,True,1,0.9792523980140686,Kageneckia oblonga,0.9792523980140686,Lithraea caustica,0.020357098430395126,Cryptocarya alba,0.00025476288283243775,Colliguaja odorifera,0.00013544608373194933,Podanthus mitiqui,2.1709928432755987e-07,Quillaja saponaria,1.603950039452684e-07
SP003_bollen,obs_393698546_photo_721656865.jpg,Kageneckia oblonga,Kageneckia oblonga,0.7767919898033142,True,1,0.7767919898033142,Kageneckia oblonga,0.7767919898033142,Lithraea caustica,0.2061452567577362,Colliguaja odorifera,0.016111966222524643,Cryptocarya alba,0.000948529108427465,Quillaja saponaria,2.0086843051103642e-06,Podanthus mitiqui,1.6395208035646647e-07
SP003_bollen,obs_393698923_photo_721657474.jpg,Kageneckia oblonga,Kageneckia oblonga,0.8718738555908203,True,1,0.8718738555908203,Kageneckia oblonga,0.8718738555908203,Lithraea caustica,0.09897160530090332,Cryptocarya alba,0.027718637138605118,Colliguaja odorifera,0.0013772319070994854,Quillaja saponaria,5.742599387303926e-05,Podanthus mitiqui,1.1877717724928516e-06
SP003_bollen,obs_393889999_photo_722032167.jpg,Kageneckia oblonga,Lithraea caustica,0.5968218445777893,False,2,0.40104812383651733,Lithraea caustica,0.5968218445777893,Kageneckia oblonga,0.40104812383651733,Colliguaja odorifera,0.0021251761354506016,Cryptocarya alba,4.916544185107341e-06,Podanthus mitiqui,3.933465553274118e-09,Quillaja saponaria,4.0972292225660567e-10
SP003_bollen,obs_395959126_photo_726083917.jpg,Kageneckia oblonga,Kageneckia oblonga,0.5634605288505554,True,1,0.5634605288505554,Kageneckia oblonga,0.5634605288505554,Lithraea caustica,0.43187516927719116,Colliguaja odorifera,0.002427278319373727,Cryptocarya alba,0.0021760142408311367,Quillaja saponaria,4.151314351474866e-05,Podanthus mitiqui,1.9564067770261317e-05
SP003_bollen,obs_395999426_photo_726167118.jpg,Kageneckia oblonga,Kageneckia oblonga,0.9991593360900879,True,1,0.9991593360900879,Kageneckia oblonga,0.9991593360900879,Colliguaja odorifera,0.00044093295582570136,Lithraea caustica,0.000387498497730121,Cryptocarya alba,1.1558410733414348e-05,Podanthus mitiqui,7.584843615404679e-07,Quillaja saponaria,2.052989955814155e-08
SP003_bollen,obs_396976775_photo_728044067.jpg,Kageneckia oblonga,Kageneckia oblonga,0.9957135915756226,True,1,0.9957135915756226,Kageneckia oblonga,0.9957135915756226,Lithraea caustica,0.004010110627859831,Colliguaja odorifera,0.00017985631711781025,Cryptocarya alba,9.429509373148903e-05,Quillaja saponaria,1.5492505553993396e-06,Podanthus mitiqui,6.963176133467641e-07
SP003_bollen,obs_398013240_photo_730255272.jpg,Kageneckia oblonga,Kageneckia oblonga,0.9962964653968811,True,1,0.9962964653968811,Kageneckia oblonga,0.9962964653968811,Lithraea caustica,0.003085202304646373,Colliguaja odorifera,0.0005905171856284142,Cryptocarya alba,2.745310302998405e-05,Podanthus mitiqui,3.3828712275862927e-07,Quillaja saponaria,2.2122945253499893e-08
SP003_bollen,obs_398755418_photo_731521186.jpg,Kageneckia oblonga,Kageneckia oblonga,0.9728719592094421,True,1,0.9728719592094421,Kageneckia oblonga,0.9728719592094421,Lithraea caustica,0.024995988234877586,Cryptocarya alba,0.0014939848333597183,Quillaja saponaria,0.00042939448030665517,Colliguaja odorifera,0.00020302203483879566,Podanthus mitiqui,5.660428087139735e-06
SP003_bollen,obs_398882956_photo_731779180.jpg,Kageneckia oblonga,Kageneckia oblonga,0.9055498242378235,True,1,0.9055498242378235,Kageneckia oblonga,0.9055498242378235,Lithraea caustica,0.0934433564543724,Colliguaja odorifera,0.0009516784339211881,Cryptocarya alba,5.468050585477613e-05,Podanthus mitiqui,2.597376749235991e-07,Quillaja saponaria,2.3093880940905365e-07
SP003_bollen,obs_399561853_photo_733086280.jpg,Kageneckia oblonga,Lithraea caustica,0.48138636350631714,False,2,0.3657335937023163,Lithraea caustica,0.48138636350631714,Kageneckia oblonga,0.3657335937023163,Cryptocarya alba,0.1494317650794983,Quillaja saponaria,0.0019487029640004039,Colliguaja odorifera,0.0012546496000140905,Podanthus mitiqui,0.00024493722594343126
SP003_bollen,obs_399591743_photo_733143587.jpg,Kageneckia oblonga,Kageneckia oblonga,0.9027268290519714,True,1,0.9027268290519714,Kageneckia oblonga,0.9027268290519714,Lithraea caustica,0.06505095958709717,Cryptocarya alba,0.031192511320114136,Colliguaja odorifera,0.001017951057292521,Quillaja saponaria,8.101885214273352e-06,Podanthus mitiqui,3.7871941458433867e-06
SP003_bollen,obs_399877996_photo_733709052.jpg,Kageneckia oblonga,Kageneckia oblonga,0.8069416284561157,True,1,0.8069416284561157,Kageneckia oblonga,0.8069416284561157,Lithraea caustica,0.18822519481182098,Cryptocarya alba,0.004318320192396641,Colliguaja odorifera,0.0005134373786859214,Quillaja saponaria,1.2394897339618183e-06,Podanthus mitiqui,2.0697602565178386e-07
SP003_bollen,obs_399886661_photo_733726069.jpg,Kageneckia oblonga,Lithraea caustica,0.5844584107398987,False,2,0.3974091410636902,Lithraea caustica,0.5844584107398987,Kageneckia oblonga,0.3974091410636902,Cryptocarya alba,0.01775960437953472,Colliguaja odorifera,0.0002533967199269682,Podanthus mitiqui,0.00011106121382908896,Quillaja saponaria,8.378636266570538e-06
SP003_bollen,obs_399886738_photo_733726303.jpg,Kageneckia oblonga,Kageneckia oblonga,0.8525753021240234,True,1,0.8525753021240234,Kageneckia oblonga,0.8525753021240234,Lithraea caustica,0.142636239528656,Colliguaja odorifera,0.002915759803727269,Cryptocarya alba,0.0018621005583554506,Podanthus mitiqui,6.759347343177069e-06,Quillaja saponaria,3.6164310586173087e-06
SP003_bollen,obs_399887403_photo_733727795.jpg,Kageneckia oblonga,Lithraea caustica,0.5473250150680542,False,2,0.45125237107276917,Lithraea caustica,0.5473250150680542,Kageneckia oblonga,0.45125237107276917,Cryptocarya alba,0.0008972123032435775,Colliguaja odorifera,0.0005240344908088446,Quillaja saponaria,1.2455827800295083e-06,Podanthus mitiqui,1.6030850247261696e-07
SP003_bollen,obs_400083543_photo_734109343.jpg,Kageneckia oblonga,Kageneckia oblonga,0.9994581341743469,True,1,0.9994581341743469,Kageneckia oblonga,0.9994581341743469,Lithraea caustica,0.0003550279652699828,Colliguaja odorifera,9.491654054727405e-05,Cryptocarya alba,9.151080303126946e-05,Podanthus mitiqui,2.9261747158670914e-07,Quillaja saponaria,1.1369500185764991e-07
SP004_mitique,obs_331149686_photo_600665709.jpg,Podanthus mitiqui,Podanthus mitiqui,0.9999880790710449,True,1,0.9999880790710449,Podanthus mitiqui,0.9999880790710449,Colliguaja odorifera,8.566031283407938e-06,Kageneckia oblonga,1.982738695005537e-06,Quillaja saponaria,6.743690050825535e-07,Cryptocarya alba,6.733767463629192e-07,Lithraea caustica,4.429436373243334e-09
SP004_mitique,obs_331301245_photo_600980791.jpg,Podanthus mitiqui,Podanthus mitiqui,0.9984353184700012,True,1,0.9984353184700012,Podanthus mitiqui,0.9984353184700012,Cryptocarya alba,0.0014139002887532115,Colliguaja odorifera,0.0001246296742465347,Quillaja saponaria,1.937656634254381e-05,Kageneckia oblonga,5.970699930912815e-06,Lithraea caustica,7.614558512614167e-07
SP004_mitique,obs_331376588_photo_601134622.jpg,Podanthus mitiqui,Podanthus mitiqui,0.9526747465133667,True,1,0.9526747465133667,Podanthus mitiqui,0.9526747465133667,Colliguaja odorifera,0.03326833248138428,Kageneckia oblonga,0.011862731538712978,Lithraea caustica,0.0021298257634043694,Cryptocarya alba,6.0286587540758774e-05,Quillaja saponaria,4.0987843021866865e-06
SP004_mitique,obs_332395783_photo_603225085.jpg,Podanthus mitiqui,Podanthus mitiqui,0.9999121427536011,True,1,0.9999121427536011,Podanthus mitiqui,0.9999121427536011,Colliguaja odorifera,6.170192500576377e-05,Kageneckia oblonga,2.093144939863123e-05,Quillaja saponaria,2.3077341211319435e-06,Cryptocarya alba,2.242696382381837e-06,Lithraea caustica,6.846990459052904e-07
SP004_mitique,obs_333540180_photo_605549537.jpg,Podanthus mitiqui,Podanthus mitiqui,0.9999791383743286,True,1,0.9999791383743286,Podanthus mitiqui,0.9999791383743286,Kageneckia oblonga,1.2016414984827861e-05,Colliguaja odorifera,7.685153832426295e-06,Quillaja saponaria,8.357248475476808e-07,Lithraea caustica,2.481723129221791e-07,Cryptocarya alba,8.68452545432774e-08
SP004_mitique,obs_334734159_photo_607940100.jpg,Podanthus mitiqui,Podanthus mitiqui,0.9999486207962036,True,1,0.9999486207962036,Podanthus mitiqui,0.9999486207962036,Kageneckia oblonga,2.771037361526396e-05,Cryptocarya alba,1.0945037502096966e-05,Colliguaja odorifera,1.0285049029334914e-05,Quillaja saponaria,2.187383870477788e-06,Lithraea caustica,3.2811459504955565e-07
SP004_mitique,obs_336231090_photo_610961567.jpg,Podanthus mitiqui,Podanthus mitiqui,0.9978823065757751,True,1,0.9978823065757751,Podanthus mitiqui,0.9978823065757751,Colliguaja odorifera,0.0014364111702889204,Kageneckia oblonga,0.0005310329142957926,Lithraea caustica,0.00010741240839706734,Cryptocarya alba,3.0404618883039802e-05,Quillaja saponaria,1.240981600858504e-05
SP004_mitique,obs_336628470_photo_611767503.jpg,Podanthus mitiqui,Podanthus mitiqui,0.7630998492240906,True,1,0.7630998492240906,Podanthus mitiqui,0.7630998492240906,Colliguaja odorifera,0.20399877429008484,Lithraea caustica,0.028891265392303467,Kageneckia oblonga,0.003753711236640811,Cryptocarya alba,0.0002430845343042165,Quillaja saponaria,1.3310022040968761e-05
SP004_mitique,obs_336640713_photo_611791617.jpg,Podanthus mitiqui,Podanthus mitiqui,0.8390018343925476,True,1,0.8390018343925476,Podanthus mitiqui,0.8390018343925476,Kageneckia oblonga,0.141329824924469,Lithraea caustica,0.010701552964746952,Colliguaja odorifera,0.006289774551987648,Cryptocarya alba,0.0017694083508104086,Quillaja saponaria,0.0009076985879801214
SP004_mitique,obs_336661591_photo_611836336.jpg,Podanthus mitiqui,Podanthus mitiqui,0.8737484216690063,True,1,0.8737484216690063,Podanthus mitiqui,0.8737484216690063,Lithraea caustica,0.10971426963806152,Colliguaja odorifera,0.015069040469825268,Kageneckia oblonga,0.0008771434077061713,Cryptocarya alba,0.0005849100416526198,Quillaja saponaria,6.108859906817088e-06
SP004_mitique,obs_337466418_photo_613478873.jpg,Podanthus mitiqui,Podanthus mitiqui,0.9992076754570007,True,1,0.9992076754570007,Podanthus mitiqui,0.9992076754570007,Colliguaja odorifera,0.00027329177828505635,Quillaja saponaria,0.00024711337755434215,Kageneckia oblonga,0.00015410725609399378,Cryptocarya alba,0.00011754940351238474,Lithraea caustica,3.1026382885102066e-07
SP004_mitique,obs_339817898_photo_618256230.jpg,Podanthus mitiqui,Podanthus mitiqui,0.9999866485595703,True,1,0.9999866485595703,Podanthus mitiqui,0.9999866485595703,Colliguaja odorifera,1.0099553946929518e-05,Kageneckia oblonga,2.4811370167299174e-06,Cryptocarya alba,6.028829488968768e-07,Quillaja saponaria,9.426531022427298e-08,Lithraea caustica,7.009208324859628e-09
SP004_mitique,obs_340502456_photo_619654412.jpg,Podanthus mitiqui,Podanthus mitiqui,0.9978039860725403,True,1,0.9978039860725403,Podanthus mitiqui,0.9978039860725403,Colliguaja odorifera,0.0018938069697469473,Lithraea caustica,0.0001549546286696568,Quillaja saponaria,7.283219019882381e-05,Cryptocarya alba,6.564671639353037e-05,Kageneckia oblonga,8.892115147318691e-06
SP004_mitique,obs_341317439_photo_621321147.jpg,Podanthus mitiqui,Podanthus mitiqui,0.9999465942382812,True,1,0.9999465942382812,Podanthus mitiqui,0.9999465942382812,Kageneckia oblonga,5.020140815759078e-05,Colliguaja odorifera,1.5899096297289361e-06,Quillaja saponaria,9.926162647388992e-07,Cryptocarya alba,4.895788379144506e-07,Lithraea caustica,2.4071076154541515e-07
SP004_mitique,obs_343018395_photo_624749565.jpg,Podanthus mitiqui,Podanthus mitiqui,0.9999619722366333,True,1,0.9999619722366333,Podanthus mitiqui,0.9999619722366333,Colliguaja odorifera,3.1991621654015034e-05,Kageneckia oblonga,5.247531134955352e-06,Quillaja saponaria,6.110994377195311e-07,Cryptocarya alba,2.380934489565334e-07,Lithraea caustica,4.9174024852050024e-09
SP004_mitique,obs_344951178_photo_628572670.jpg,Podanthus mitiqui,Podanthus mitiqui,0.999884843826294,True,1,0.999884843826294,Podanthus mitiqui,0.999884843826294,Colliguaja odorifera,0.00010270049097016454,Kageneckia oblonga,9.956992471416015e-06,Cryptocarya alba,1.6230055734922644e-06,Quillaja saponaria,6.930710014785291e-07,Lithraea caustica,8.58181792295909e-08
SP004_mitique,obs_350102440_photo_638738924.jpg,Podanthus mitiqui,Podanthus mitiqui,0.9999715089797974,True,1,0.9999715089797974,Podanthus mitiqui,0.9999715089797974,Colliguaja odorifera,1.746298403304536e-05,Kageneckia oblonga,1.095970128517365e-05,Quillaja saponaria,9.964000469153689e-08,Lithraea caustica,1.5166584432790842e-08,Cryptocarya alba,4.962506405803424e-09
SP004_mitique,obs_350345650_photo_639217570.jpg,Podanthus mitiqui,Podanthus mitiqui,0.9999899864196777,True,1,0.9999899864196777,Podanthus mitiqui,0.9999899864196777,Colliguaja odorifera,5.802448868053034e-06,Kageneckia oblonga,3.2324210224032868e-06,Cryptocarya alba,8.126766601890267e-07,Quillaja saponaria,1.4957727501041518e-07,Lithraea caustica,3.735764053658386e-08
SP004_mitique,obs_350847602_photo_640195910.jpg,Podanthus mitiqui,Podanthus mitiqui,0.9998503923416138,True,1,0.9998503923416138,Podanthus mitiqui,0.9998503923416138,Colliguaja odorifera,7.177776569733396e-05,Lithraea caustica,4.360655293567106e-05,Cryptocarya alba,2.6293590053683147e-05,Quillaja saponaria,6.096276138123358e-06,Kageneckia oblonga,1.8394778180663707e-06
SP004_mitique,obs_350888676_photo_640269680.jpg,Podanthus mitiqui,Podanthus mitiqui,0.999843955039978,True,1,0.999843955039978,Podanthus mitiqui,0.999843955039978,Colliguaja odorifera,9.953969856724143e-05,Quillaja saponaria,4.4967491703573614e-05,Kageneckia oblonga,5.777792921435321e-06,Lithraea caustica,3.56877239937603e-06,Cryptocarya alba,2.1771741103293607e-06
SP004_mitique,obs_351005922_photo_640488401.jpg,Podanthus mitiqui,Podanthus mitiqui,0.9999899864196777,True,1,0.9999899864196777,Podanthus mitiqui,0.9999899864196777,Colliguaja odorifera,7.746635674266145e-06,Kageneckia oblonga,1.7173088053823449e-06,Cryptocarya alba,2.796710703023564e-07,Quillaja saponaria,2.602677682261856e-07,Lithraea caustica,4.368081896188869e-09
SP004_mitique,obs_354522161_photo_646720074.jpg,Podanthus mitiqui,Podanthus mitiqui,0.9931619167327881,True,1,0.9931619167327881,Podanthus mitiqui,0.9931619167327881,Colliguaja odorifera,0.006466813385486603,Lithraea caustica,0.0002232168917544186,Kageneckia oblonga,0.0001319955918006599,Cryptocarya alba,1.309548406425165e-05,Quillaja saponaria,3.0048431653995067e-06
SP004_mitique,obs_363221746_photo_663005418.jpg,Podanthus mitiqui,Podanthus mitiqui,0.9999918937683105,True,1,0.9999918937683105,Podanthus mitiqui,0.9999918937683105,Colliguaja odorifera,5.105790023662848e-06,Kageneckia oblonga,2.96876623906428e-06,Lithraea caustica,5.352630338961717e-09,Quillaja saponaria,5.304456429655602e-09,Cryptocarya alba,2.7499851285028853e-09
SP004_mitique,obs_367205665_photo_669877251.jpg,Podanthus mitiqui,Podanthus mitiqui,0.9998493194580078,True,1,0.9998493194580078,Podanthus mitiqui,0.9998493194580078,Colliguaja odorifera,0.00010167012078454718,Kageneckia oblonga,3.319610914331861e-05,Quillaja saponaria,1.3227387171355076e-05,Cryptocarya alba,2.1467701571964426e-06,Lithraea caustica,3.88904680903579e-07
SP004_mitique,obs_372597532_photo_680876254.jpg,Podanthus mitiqui,Podanthus mitiqui,0.9957751631736755,True,1,0.9957751631736755,Podanthus mitiqui,0.9957751631736755,Colliguaja odorifera,0.004083438776433468,Kageneckia oblonga,7.425945659633726e-05,Cryptocarya alba,4.969347355654463e-05,Lithraea caustica,9.23820880416315e-06,Quillaja saponaria,8.188909305317793e-06
SP004_mitique,obs_372785709_photo_681228942.jpg,Podanthus mitiqui,Podanthus mitiqui,0.929017186164856,True,1,0.929017186164856,Podanthus mitiqui,0.929017186164856,Lithraea caustica,0.056025780737400055,Cryptocarya alba,0.012324520386755466,Kageneckia oblonga,0.001890653744339943,Quillaja saponaria,0.0005859072552993894,Colliguaja odorifera,0.00015608845569659024
SP004_mitique,obs_374042815_photo_683631710.jpg,Podanthus mitiqui,Podanthus mitiqui,0.9999877214431763,True,1,0.9999877214431763,Podanthus mitiqui,0.9999877214431763,Kageneckia oblonga,7.924094461486675e-06,Colliguaja odorifera,3.5432256026979303e-06,Quillaja saponaria,5.471693498293462e-07,Cryptocarya alba,1.1472137373402802e-07,Lithraea caustica,1.9206416013162197e-08
SP004_mitique,obs_374042817_photo_683631709.jpg,Podanthus mitiqui,Podanthus mitiqui,0.9999628067016602,True,1,0.9999628067016602,Podanthus mitiqui,0.9999628067016602,Kageneckia oblonga,3.170589843648486e-05,Cryptocarya alba,2.775285793177318e-06,Colliguaja odorifera,1.9125825474475278e-06,Quillaja saponaria,5.479034257405146e-07,Lithraea caustica,2.2778237962484127e-07
SP004_mitique,obs_376299137_photo_688003596.jpg,Podanthus mitiqui,Podanthus mitiqui,0.9999722242355347,True,1,0.9999722242355347,Podanthus mitiqui,0.9999722242355347,Colliguaja odorifera,2.7273708838038146e-05,Kageneckia oblonga,3.0276052598310343e-07,Cryptocarya alba,7.813742541884494e-08,Lithraea caustica,6.902787674789579e-08,Quillaja saponaria,1.8072924490297737e-08
SP004_mitique,obs_377298128_photo_689936142.jpg,Podanthus mitiqui,Podanthus mitiqui,0.8047155141830444,True,1,0.8047155141830444,Podanthus mitiqui,0.8047155141830444,Colliguaja odorifera,0.15400034189224243,Lithraea caustica,0.0254164207726717,Kageneckia oblonga,0.013986466452479362,Cryptocarya alba,0.0014962696004658937,Quillaja saponaria,0.000384925224352628
SP004_mitique,obs_379493335_photo_694175261.jpg,Podanthus mitiqui,Podanthus mitiqui,0.921886146068573,True,1,0.921886146068573,Podanthus mitiqui,0.921886146068573,Colliguaja odorifera,0.0679038017988205,Kageneckia oblonga,0.005057298578321934,Lithraea caustica,0.004161512013524771,Cryptocarya alba,0.0009283818071708083,Quillaja saponaria,6.287951691774651e-05
SP004_mitique,obs_381266690_photo_697609292.jpg,Podanthus mitiqui,Podanthus mitiqui,0.9999951124191284,True,1,0.9999951124191284,Podanthus mitiqui,0.9999951124191284,Colliguaja odorifera,3.1854206099524163e-06,Kageneckia oblonga,1.359837369818706e-06,Cryptocarya alba,2.2992513493136357e-07,Quillaja saponaria,1.2145449090894544e-07,Lithraea caustica,7.201538920753592e-09
SP004_mitique,obs_381569995_photo_698199242.jpg,Podanthus mitiqui,Podanthus mitiqui,0.9999539852142334,True,1,0.9999539852142334,Podanthus mitiqui,0.9999539852142334,Colliguaja odorifera,3.106795338680968e-05,Quillaja saponaria,1.1036368960049003e-05,Kageneckia oblonga,3.3977923976635793e-06,Cryptocarya alba,3.0522852512149257e-07,Lithraea caustica,5.994414919996416e-08
SP004_mitique,obs_385500130_photo_705750480.jpg,Podanthus mitiqui,Podanthus mitiqui,0.9999181032180786,True,1,0.9999181032180786,Podanthus mitiqui,0.9999181032180786,Colliguaja odorifera,3.89285123674199e-05,Kageneckia oblonga,3.794848089455627e-05,Lithraea caustica,3.7635622902598698e-06,Cryptocarya alba,9.445001865060476e-07,Quillaja saponaria,2.2650198161500157e-07
SP004_mitique,obs_386007016_photo_706710943.jpg,Podanthus mitiqui,Podanthus mitiqui,0.9940003156661987,True,1,0.9940003156661987,Podanthus mitiqui,0.9940003156661987,Cryptocarya alba,0.005318952724337578,Colliguaja odorifera,0.0003250640002079308,Lithraea caustica,0.00023187891929410398,Kageneckia oblonga,0.0001145574206020683,Quillaja saponaria,9.18494970392203e-06
SP004_mitique,obs_387377128_photo_709347345.jpg,Podanthus mitiqui,Podanthus mitiqui,0.999946117401123,True,1,0.999946117401123,Podanthus mitiqui,0.999946117401123,Kageneckia oblonga,4.564406117424369e-05,Colliguaja odorifera,7.927332262624986e-06,Quillaja saponaria,6.402427743523731e-08,Lithraea caustica,5.952803761033465e-08,Cryptocarya alba,2.5606402331845857e-08
SP004_mitique,obs_388774871_photo_712071234.jpg,Podanthus mitiqui,Podanthus mitiqui,0.999862551689148,True,1,0.999862551689148,Podanthus mitiqui,0.999862551689148,Colliguaja odorifera,0.0001169338938780129,Cryptocarya alba,1.49632551256218e-05,Kageneckia oblonga,4.3833210838784e-06,Quillaja saponaria,6.358524728966586e-07,Lithraea caustica,5.950357149231422e-07
SP004_mitique,obs_391254613_photo_716892521.jpg,Podanthus mitiqui,Podanthus mitiqui,0.999927282333374,True,1,0.999927282333374,Podanthus mitiqui,0.999927282333374,Kageneckia oblonga,5.0700044084805995e-05,Colliguaja odorifera,2.151513399439864e-05,Cryptocarya alba,3.292108772257052e-07,Quillaja saponaria,1.1431996682631507e-07,Lithraea caustica,1.0621580770475703e-07
SP004_mitique,obs_392011236_photo_718356938.jpg,Podanthus mitiqui,Podanthus mitiqui,0.9999144077301025,True,1,0.9999144077301025,Podanthus mitiqui,0.9999144077301025,Colliguaja odorifera,6.697746721329167e-05,Kageneckia oblonga,1.8033755623036996e-05,Cryptocarya alba,3.189904020928225e-07,Lithraea caustica,1.3552579503084417e-07,Quillaja saponaria,1.090443575435529e-07
SP004_mitique,obs_392960704_photo_720211293.jpg,Podanthus mitiqui,Podanthus mitiqui,0.999832272529602,True,1,0.999832272529602,Podanthus mitiqui,0.999832272529602,Colliguaja odorifera,9.698564099380746e-05,Kageneckia oblonga,6.94949267199263e-05,Cryptocarya alba,9.447073239243764e-07,Lithraea caustica,1.7452211409363372e-07,Quillaja saponaria,1.3263527876006265e-07
SP004_mitique,obs_393214476_photo_720709620.jpg,Podanthus mitiqui,Podanthus mitiqui,0.9995731711387634,True,1,0.9995731711387634,Podanthus mitiqui,0.9995731711387634,Kageneckia oblonga,0.00031381368171423674,Colliguaja odorifera,6.423407467082143e-05,Lithraea caustica,1.917082045110874e-05,Cryptocarya alba,1.6786018022685312e-05,Quillaja saponaria,1.2911395970149897e-05
SP004_mitique,obs_393490532_photo_721249621.jpg,Podanthus mitiqui,Podanthus mitiqui,0.9967238306999207,True,1,0.9967238306999207,Podanthus mitiqui,0.9967238306999207,Kageneckia oblonga,0.0030510786455124617,Cryptocarya alba,9.465362381888554e-05,Colliguaja odorifera,8.201656601158902e-05,Quillaja saponaria,3.0387400329345837e-05,Lithraea caustica,1.8006685422733426e-05
SP004_mitique,obs_393490953_photo_721250401.jpg,Podanthus mitiqui,Podanthus mitiqui,0.9999624490737915,True,1,0.9999624490737915,Podanthus mitiqui,0.9999624490737915,Kageneckia oblonga,2.8287067834753543e-05,Colliguaja odorifera,6.7067835516354535e-06,Cryptocarya alba,1.8457573105479241e-06,Quillaja saponaria,6.635804083998664e-07,Lithraea caustica,4.087480576231428e-08
SP004_mitique,obs_395940721_photo_726047612.jpg,Podanthus mitiqui,Podanthus mitiqui,0.9997087121009827,True,1,0.9997087121009827,Podanthus mitiqui,0.9997087121009827,Colliguaja odorifera,0.0001304072211496532,Kageneckia oblonga,7.083791570039466e-05,Cryptocarya alba,5.667719597113319e-05,Lithraea caustica,3.2867377740330994e-05,Quillaja saponaria,4.3726583953684894e-07
SP004_mitique,obs_395959266_photo_726084223.jpg,Podanthus mitiqui,Podanthus mitiqui,0.9997898936271667,True,1,0.9997898936271667,Podanthus mitiqui,0.9997898936271667,Kageneckia oblonga,0.00010447433305671439,Cryptocarya alba,8.173114474629983e-05,Colliguaja odorifera,2.030185169132892e-05,Quillaja saponaria,3.3730354971339693e-06,Lithraea caustica,2.91935123186704e-07
SP004_mitique,obs_396485457_photo_727096345.jpg,Podanthus mitiqui,Podanthus mitiqui,0.997122585773468,True,1,0.997122585773468,Podanthus mitiqui,0.997122585773468,Colliguaja odorifera,0.0027086264453828335,Kageneckia oblonga,0.00016793297254480422,Quillaja saponaria,3.1307132530855597e-07,Lithraea caustica,3.057490687297104e-07,Cryptocarya alba,1.5752547710690123e-07
SP004_mitique,obs_396486384_photo_727097957.jpg,Podanthus mitiqui,Podanthus mitiqui,0.9742936491966248,True,1,0.9742936491966248,Podanthus mitiqui,0.9742936491966248,Lithraea caustica,0.021583659574389458,Kageneckia oblonga,0.001257844502106309,Colliguaja odorifera,0.0012200565543025732,Cryptocarya alba,0.0008349632262252271,Quillaja saponaria,0.0008097804966382682
SP004_mitique,obs_397959768_photo_729964487.jpg,Podanthus mitiqui,Podanthus mitiqui,0.9999958276748657,True,1,0.9999958276748657,Podanthus mitiqui,0.9999958276748657,Colliguaja odorifera,3.1485515137319453e-06,Kageneckia oblonga,8.657550552015891e-07,Quillaja saponaria,1.387901562566185e-07,Cryptocarya alba,1.3843852286754554e-07,Lithraea caustica,1.9622767855054235e-09
SP004_mitique,obs_398101438_photo_730247036.jpg,Podanthus mitiqui,Podanthus mitiqui,0.9956954717636108,True,1,0.9956954717636108,Podanthus mitiqui,0.9956954717636108,Cryptocarya alba,0.0029900274239480495,Quillaja saponaria,0.0009266773122362792,Colliguaja odorifera,0.00019976076146122068,Kageneckia oblonga,0.00018374485080130398,Lithraea caustica,4.357799298304599e-06
SP004_mitique,obs_398678050_photo_731376333.jpg,Podanthus mitiqui,Podanthus mitiqui,0.9999668598175049,True,1,0.9999668598175049,Podanthus mitiqui,0.9999668598175049,Colliguaja odorifera,1.6636289728921838e-05,Kageneckia oblonga,1.6001526091713458e-05,Quillaja saponaria,3.2866051924429485e-07,Cryptocarya alba,2.3572940932581332e-08,Lithraea caustica,1.4966506256541834e-08
SP005_colliguay,obs_384066724_photo_703002174.jpg,Colliguaja odorifera,Colliguaja odorifera,0.9994481205940247,True,1,0.9994481205940247,Colliguaja odorifera,0.9994481205940247,Kageneckia oblonga,0.0004986632848158479,Lithraea caustica,5.072757994639687e-05,Podanthus mitiqui,1.5717000678705517e-06,Quillaja saponaria,7.894628311078122e-07,Cryptocarya alba,3.844495566340811e-08
SP005_colliguay,obs_385304773_photo_705370635.jpg,Colliguaja odorifera,Colliguaja odorifera,0.9996094107627869,True,1,0.9996094107627869,Colliguaja odorifera,0.9996094107627869,Quillaja saponaria,0.00031193450558930635,Kageneckia oblonga,5.358356065698899e-05,Lithraea caustica,2.340874561923556e-05,Podanthus mitiqui,1.5140416280701174e-06,Cryptocarya alba,1.7766821258646814e-07
SP005_colliguay,obs_385496107_photo_705742189.jpg,Colliguaja odorifera,Colliguaja odorifera,0.972936749458313,True,1,0.972936749458313,Colliguaja odorifera,0.972936749458313,Kageneckia oblonga,0.025908704847097397,Quillaja saponaria,0.001063602976500988,Lithraea caustica,5.58926876692567e-05,Podanthus mitiqui,3.134506187052466e-05,Cryptocarya alba,3.7476918350876076e-06
SP005_colliguay,obs_385556615_photo_705718246.jpg,Colliguaja odorifera,Colliguaja odorifera,0.994533896446228,True,1,0.994533896446228,Colliguaja odorifera,0.994533896446228,Kageneckia oblonga,0.005365306977182627,Lithraea caustica,5.4514977819053456e-05,Podanthus mitiqui,3.988492244388908e-05,Quillaja saponaria,6.38305436950759e-06,Cryptocarya alba,3.857008934460282e-08
SP005_colliguay,obs_386360106_photo_707397564.jpg,Colliguaja odorifera,Lithraea caustica,0.9279254078865051,False,3,0.025280822068452835,Lithraea caustica,0.9279254078865051,Kageneckia oblonga,0.038714583963155746,Colliguaja odorifera,0.025280822068452835,Podanthus mitiqui,0.007414784748107195,Quillaja saponaria,0.00033533290843479335,Cryptocarya alba,0.0003290979366283864
SP005_colliguay,obs_386899935_photo_708429210.jpg,Colliguaja odorifera,Colliguaja odorifera,0.9895813465118408,True,1,0.9895813465118408,Colliguaja odorifera,0.9895813465118408,Kageneckia oblonga,0.009138237684965134,Lithraea caustica,0.0006608312833122909,Quillaja saponaria,0.00025369084323756397,Cryptocarya alba,0.000248645490501076,Podanthus mitiqui,0.0001171546900877729
SP005_colliguay,obs_387978082_photo_710512827.jpg,Colliguaja odorifera,Colliguaja odorifera,0.9438025951385498,True,1,0.9438025951385498,Colliguaja odorifera,0.9438025951385498,Lithraea caustica,0.047940440475940704,Kageneckia oblonga,0.005236361175775528,Podanthus mitiqui,0.0020653633400797844,Quillaja saponaria,0.0008194227120839059,Cryptocarya alba,0.0001358725712634623
SP005_colliguay,obs_388378710_photo_711203058.jpg,Colliguaja odorifera,Colliguaja odorifera,0.6912012100219727,True,1,0.6912012100219727,Colliguaja odorifera,0.6912012100219727,Kageneckia oblonga,0.26724734902381897,Lithraea caustica,0.04072065278887749,Podanthus mitiqui,0.0007655938970856369,Cryptocarya alba,6.056967322365381e-05,Quillaja saponaria,4.61055014966405e-06
SP005_colliguay,obs_388464696_photo_711471815.jpg,Colliguaja odorifera,Colliguaja odorifera,0.997189462184906,True,1,0.997189462184906,Colliguaja odorifera,0.997189462184906,Kageneckia oblonga,0.002794688567519188,Lithraea caustica,1.5310342860175297e-05,Quillaja saponaria,3.6087604371459747e-07,Cryptocarya alba,9.17428550906152e-08,Podanthus mitiqui,9.069684381302068e-08
SP005_colliguay,obs_388774833_photo_712070168.jpg,Colliguaja odorifera,Colliguaja odorifera,0.8884350061416626,True,1,0.8884350061416626,Colliguaja odorifera,0.8884350061416626,Kageneckia oblonga,0.08022817224264145,Cryptocarya alba,0.015215160325169563,Podanthus mitiqui,0.00828023161739111,Lithraea caustica,0.00734696863219142,Quillaja saponaria,0.0004944444517605007
SP005_colliguay,obs_388774837_photo_712070256.jpg,Colliguaja odorifera,Colliguaja odorifera,0.9328117370605469,True,1,0.9328117370605469,Colliguaja odorifera,0.9328117370605469,Kageneckia oblonga,0.06705345213413239,Quillaja saponaria,7.141087553463876e-05,Lithraea caustica,5.5872569646453485e-05,Podanthus mitiqui,6.172765097289812e-06,Cryptocarya alba,1.3255005342216464e-06
SP005_colliguay,obs_388774869_photo_712071102.jpg,Colliguaja odorifera,Kageneckia oblonga,0.5773673057556152,False,2,0.42090219259262085,Kageneckia oblonga,0.5773673057556152,Colliguaja odorifera,0.42090219259262085,Podanthus mitiqui,0.0016564818797633052,Quillaja saponaria,5.3634856158168986e-05,Lithraea caustica,1.951572448888328e-05,Cryptocarya alba,9.353603331874183e-07
SP005_colliguay,obs_389739135_photo_713927872.jpg,Colliguaja odorifera,Colliguaja odorifera,0.8851092457771301,True,1,0.8851092457771301,Colliguaja odorifera,0.8851092457771301,Kageneckia oblonga,0.04959502071142197,Lithraea caustica,0.04417538642883301,Podanthus mitiqui,0.01924116536974907,Cryptocarya alba,0.001435488578863442,Quillaja saponaria,0.0004436499148141593
SP005_colliguay,obs_389819444_photo_714085190.jpg,Colliguaja odorifera,Kageneckia oblonga,0.5140619874000549,False,2,0.44608330726623535,Kageneckia oblonga,0.5140619874000549,Colliguaja odorifera,0.44608330726623535,Lithraea caustica,0.02568165957927704,Podanthus mitiqui,0.009054744616150856,Quillaja saponaria,0.0049437559209764,Cryptocarya alba,0.00017457190551795065
SP005_colliguay,obs_389985880_photo_714416569.jpg,Colliguaja odorifera,Colliguaja odorifera,0.9995554089546204,True,1,0.9995554089546204,Colliguaja odorifera,0.9995554089546204,Kageneckia oblonga,0.0004379622987471521,Lithraea caustica,5.915629571973113e-06,Podanthus mitiqui,3.5525710018191603e-07,Quillaja saponaria,3.375344590494933e-07,Cryptocarya alba,2.1628700608289364e-08
SP005_colliguay,obs_390192675_photo_714824913.jpg,Colliguaja odorifera,Colliguaja odorifera,0.993549644947052,True,1,0.993549644947052,Colliguaja odorifera,0.993549644947052,Kageneckia oblonga,0.006384657230228186,Lithraea caustica,6.539750029332936e-05,Quillaja saponaria,2.3689808870130946e-07,Cryptocarya alba,6.975074029469397e-08,Podanthus mitiqui,6.120709628021359e-08
SP005_colliguay,obs_391888660_photo_718118490.jpg,Colliguaja odorifera,Colliguaja odorifera,0.9021779298782349,True,1,0.9021779298782349,Colliguaja odorifera,0.9021779298782349,Kageneckia oblonga,0.09781581908464432,Lithraea caustica,3.4908644011011347e-06,Podanthus mitiqui,2.7063952074968256e-06,Quillaja saponaria,1.4508403012314375e-07,Cryptocarya alba,1.514204051034085e-08
SP005_colliguay,obs_392000911_photo_718326093.jpg,Colliguaja odorifera,Colliguaja odorifera,0.9807462692260742,True,1,0.9807462692260742,Colliguaja odorifera,0.9807462692260742,Kageneckia oblonga,0.01748327538371086,Lithraea caustica,0.001770238159224391,Podanthus mitiqui,8.077901725300762e-08,Cryptocarya alba,6.894283188785266e-08,Quillaja saponaria,6.171796940179775e-08
SP005_colliguay,obs_392000916_photo_718332479.jpg,Colliguaja odorifera,Colliguaja odorifera,0.9744482636451721,True,1,0.9744482636451721,Colliguaja odorifera,0.9744482636451721,Kageneckia oblonga,0.019912762567400932,Lithraea caustica,0.005600221920758486,Podanthus mitiqui,3.694350380101241e-05,Quillaja saponaria,1.7410972077414044e-06,Cryptocarya alba,7.920246503090311e-08
SP005_colliguay,obs_393489347_photo_721247596.jpg,Colliguaja odorifera,Kageneckia oblonga,0.7034202218055725,False,2,0.26507019996643066,Kageneckia oblonga,0.7034202218055725,Colliguaja odorifera,0.26507019996643066,Podanthus mitiqui,0.030543264001607895,Lithraea caustica,0.0006341857952065766,Quillaja saponaria,0.00021516506967600435,Cryptocarya alba,0.00011699482274707407
SP005_colliguay,obs_393634898_photo_721528585.jpg,Colliguaja odorifera,Colliguaja odorifera,0.9978094696998596,True,1,0.9978094696998596,Colliguaja odorifera,0.9978094696998596,Kageneckia oblonga,0.001510251546278596,Lithraea caustica,0.0006794369546696544,Podanthus mitiqui,5.107643232804548e-07,Quillaja saponaria,1.9975131237970345e-07,Cryptocarya alba,6.206588665236268e-08
SP005_colliguay,obs_393866717_photo_721985536.jpg,Colliguaja odorifera,Colliguaja odorifera,0.6872951984405518,True,1,0.6872951984405518,Colliguaja odorifera,0.6872951984405518,Lithraea caustica,0.29203107953071594,Kageneckia oblonga,0.02028023637831211,Cryptocarya alba,0.00022210674069356173,Podanthus mitiqui,8.653741679154336e-05,Quillaja saponaria,8.478532254230231e-05
SP005_colliguay,obs_393996928_photo_722243799.jpg,Colliguaja odorifera,Colliguaja odorifera,0.9992141723632812,True,1,0.9992141723632812,Colliguaja odorifera,0.9992141723632812,Kageneckia oblonga,0.0006364065920934081,Lithraea caustica,0.00014787465624976903,Podanthus mitiqui,1.0766196965050767e-06,Cryptocarya alba,2.8444020472306875e-07,Quillaja saponaria,1.0628389190969756e-07
SP005_colliguay,obs_393997076_photo_722244324.jpg,Colliguaja odorifera,Colliguaja odorifera,0.9723798036575317,True,1,0.9723798036575317,Colliguaja odorifera,0.9723798036575317,Kageneckia oblonga,0.02622309885919094,Lithraea caustica,0.0013941593933850527,Podanthus mitiqui,2.8747476790158544e-06,Quillaja saponaria,2.1016042239807575e-08,Cryptocarya alba,1.9478374468917536e-08
SP005_colliguay,obs_394715126_photo_723651730.jpg,Colliguaja odorifera,Colliguaja odorifera,0.9373385310173035,True,1,0.9373385310173035,Colliguaja odorifera,0.9373385310173035,Kageneckia oblonga,0.061453141272068024,Lithraea caustica,0.0011346843093633652,Podanthus mitiqui,6.099878009990789e-05,Quillaja saponaria,1.2170494301244617e-05,Cryptocarya alba,4.7309808337558934e-07
SP005_colliguay,obs_395064132_photo_724340424.jpg,Colliguaja odorifera,Colliguaja odorifera,0.9890674948692322,True,1,0.9890674948692322,Colliguaja odorifera,0.9890674948692322,Kageneckia oblonga,0.010929941199719906,Lithraea caustica,1.3651210792886559e-06,Podanthus mitiqui,7.588398034386046e-07,Quillaja saponaria,3.9668080376031867e-07,Cryptocarya alba,6.696092125224595e-09
SP005_colliguay,obs_395521959_photo_725239218.jpg,Colliguaja odorifera,Colliguaja odorifera,0.9779946208000183,True,1,0.9779946208000183,Colliguaja odorifera,0.9779946208000183,Kageneckia oblonga,0.021983839571475983,Lithraea caustica,1.2971571777598001e-05,Podanthus mitiqui,7.078071575961076e-06,Quillaja saponaria,1.459562099626055e-06,Cryptocarya alba,1.23809886787285e-08
SP005_colliguay,obs_395629473_photo_725436056.jpg,Colliguaja odorifera,Colliguaja odorifera,0.9991305470466614,True,1,0.9991305470466614,Colliguaja odorifera,0.9991305470466614,Kageneckia oblonga,0.0008235338609665632,Lithraea caustica,3.258403739891946e-05,Podanthus mitiqui,1.3336395568330772e-05,Quillaja saponaria,2.9660137457199198e-08,Cryptocarya alba,1.4583082297292549e-08
SP005_colliguay,obs_395666053_photo_725509410.jpg,Colliguaja odorifera,Colliguaja odorifera,0.9992210865020752,True,1,0.9992210865020752,Colliguaja odorifera,0.9992210865020752,Kageneckia oblonga,0.0007306236657314003,Lithraea caustica,4.7548186557833105e-05,Podanthus mitiqui,3.856563353110687e-07,Quillaja saponaria,3.7395210483737173e-07,Cryptocarya alba,3.6717537454933336e-08
SP005_colliguay,obs_395950720_photo_726067418.jpg,Colliguaja odorifera,Colliguaja odorifera,0.9989964365959167,True,1,0.9989964365959167,Colliguaja odorifera,0.9989964365959167,Kageneckia oblonga,0.0009760877583175898,Lithraea caustica,2.7103622414870188e-05,Podanthus mitiqui,2.3146965588694002e-07,Quillaja saponaria,7.973906690494914e-08,Cryptocarya alba,3.6874452380430967e-09
SP005_colliguay,obs_395958543_photo_726082688.jpg,Colliguaja odorifera,Colliguaja odorifera,0.9874575734138489,True,1,0.9874575734138489,Colliguaja odorifera,0.9874575734138489,Kageneckia oblonga,0.012435473501682281,Lithraea caustica,6.952814146643505e-05,Podanthus mitiqui,3.191303403582424e-05,Quillaja saponaria,3.985647708759643e-06,Cryptocarya alba,1.4654775668532238e-06
SP005_colliguay,obs_396817126_photo_727734119.jpg,Colliguaja odorifera,Colliguaja odorifera,0.9840009212493896,True,1,0.9840009212493896,Colliguaja odorifera,0.9840009212493896,Kageneckia oblonga,0.01591290533542633,Lithraea caustica,8.567086479160935e-05,Podanthus mitiqui,3.8268913726824394e-07,Quillaja saponaria,7.439540183895588e-08,Cryptocarya alba,2.009226740540271e-08
SP005_colliguay,obs_397193466_photo_728469349.jpg,Colliguaja odorifera,Colliguaja odorifera,0.9947606921195984,True,1,0.9947606921195984,Colliguaja odorifera,0.9947606921195984,Kageneckia oblonga,0.0049317870289087296,Lithraea caustica,0.00023778693866916,Podanthus mitiqui,6.851595389889553e-05,Quillaja saponaria,1.1748237511710613e-06,Cryptocarya alba,5.03330532808377e-08
SP005_colliguay,obs_397452251_photo_728977077.jpg,Colliguaja odorifera,Colliguaja odorifera,0.870237410068512,True,1,0.870237410068512,Colliguaja odorifera,0.870237410068512,Kageneckia oblonga,0.1273234635591507,Lithraea caustica,0.0023842912632972,Podanthus mitiqui,4.25100552092772e-05,Quillaja saponaria,8.811351108306553e-06,Cryptocarya alba,3.4962465633725515e-06
SP005_colliguay,obs_397527587_photo_729119706.jpg,Colliguaja odorifera,Colliguaja odorifera,0.9478433728218079,True,1,0.9478433728218079,Colliguaja odorifera,0.9478433728218079,Kageneckia oblonga,0.05106426030397415,Lithraea caustica,0.00108604715205729,Podanthus mitiqui,5.568308552028611e-06,Quillaja saponaria,6.547440989379538e-07,Cryptocarya alba,4.184665058915016e-08
SP005_colliguay,obs_397527744_photo_729120078.jpg,Colliguaja odorifera,Colliguaja odorifera,0.9265931248664856,True,1,0.9265931248664856,Colliguaja odorifera,0.9265931248664856,Kageneckia oblonga,0.07340051978826523,Podanthus mitiqui,4.370848273538286e-06,Lithraea caustica,1.910662604132085e-06,Quillaja saponaria,1.4786486701723334e-07,Cryptocarya alba,2.754153571871143e-09
SP005_colliguay,obs_397541519_photo_729146457.jpg,Colliguaja odorifera,Colliguaja odorifera,0.9972243309020996,True,1,0.9972243309020996,Colliguaja odorifera,0.9972243309020996,Kageneckia oblonga,0.0026376252062618732,Lithraea caustica,0.00011909264139831066,Podanthus mitiqui,1.3125495570420753e-05,Cryptocarya alba,4.466372047318146e-06,Quillaja saponaria,1.3974942021377501e-06
SP005_colliguay,obs_397650556_photo_729367586.jpg,Colliguaja odorifera,Colliguaja odorifera,0.9960951209068298,True,1,0.9960951209068298,Colliguaja odorifera,0.9960951209068298,Kageneckia oblonga,0.0038492900785058737,Lithraea caustica,5.494153447216377e-05,Podanthus mitiqui,6.725026082676777e-07,Quillaja saponaria,5.709281936105981e-08,Cryptocarya alba,2.7126393575827024e-08
SP005_colliguay,obs_398012965_photo_730106297.jpg,Colliguaja odorifera,Colliguaja odorifera,0.9991835951805115,True,1,0.9991835951805115,Colliguaja odorifera,0.9991835951805115,Kageneckia oblonga,0.000813988852314651,Lithraea caustica,2.423960950181936e-06,Podanthus mitiqui,9.017507629494048e-09,Quillaja saponaria,8.757590208574584e-09,Cryptocarya alba,1.8559975778487114e-09
SP005_colliguay,obs_398321786_photo_730672596.jpg,Colliguaja odorifera,Colliguaja odorifera,0.9975554347038269,True,1,0.9975554347038269,Colliguaja odorifera,0.9975554347038269,Kageneckia oblonga,0.0019658003002405167,Lithraea caustica,0.0004512979066930711,Quillaja saponaria,1.8796745280269533e-05,Podanthus mitiqui,4.708350843429798e-06,Cryptocarya alba,3.963437848142348e-06
SP005_colliguay,obs_398321797_photo_730672610.jpg,Colliguaja odorifera,Colliguaja odorifera,0.9970274567604065,True,1,0.9970274567604065,Colliguaja odorifera,0.9970274567604065,Kageneckia oblonga,0.0029081387910991907,Lithraea caustica,6.052804019418545e-05,Podanthus mitiqui,3.387176320757135e-06,Quillaja saponaria,4.3926698367613426e-07,Cryptocarya alba,4.912444673266236e-09
SP005_colliguay,obs_398749650_photo_731510576.jpg,Colliguaja odorifera,Colliguaja odorifera,0.8944268822669983,True,1,0.8944268822669983,Colliguaja odorifera,0.8944268822669983,Kageneckia oblonga,0.10529474914073944,Lithraea caustica,0.00020068715093657374,Podanthus mitiqui,7.560312224086374e-05,Quillaja saponaria,2.0275845145079074e-06,Cryptocarya alba,3.8539187841024614e-08
SP005_colliguay,obs_398755318_photo_731520946.jpg,Colliguaja odorifera,Colliguaja odorifera,0.9970191717147827,True,1,0.9970191717147827,Colliguaja odorifera,0.9970191717147827,Kageneckia oblonga,0.002689278917387128,Lithraea caustica,0.0002858628868125379,Quillaja saponaria,4.368089321360458e-06,Podanthus mitiqui,9.34511433570151e-07,Cryptocarya alba,3.552286500507762e-07
SP005_colliguay,obs_398876305_photo_731765031.jpg,Colliguaja odorifera,Colliguaja odorifera,0.9835318326950073,True,1,0.9835318326950073,Colliguaja odorifera,0.9835318326950073,Kageneckia oblonga,0.011649015359580517,Lithraea caustica,0.003929415717720985,Podanthus mitiqui,0.0005332674481905997,Quillaja saponaria,0.00033836340298876166,Cryptocarya alba,1.8107548385160044e-05
SP005_colliguay,obs_398908268_photo_731827809.jpg,Colliguaja odorifera,Colliguaja odorifera,0.9974616765975952,True,1,0.9974616765975952,Colliguaja odorifera,0.9974616765975952,Kageneckia oblonga,0.002475518034771085,Lithraea caustica,5.968749610474333e-05,Podanthus mitiqui,3.0271914965851465e-06,Quillaja saponaria,8.170073328983563e-08,Cryptocarya alba,3.5330565140156978e-09
SP005_colliguay,obs_399134793_photo_732260076.jpg,Colliguaja odorifera,Colliguaja odorifera,0.9960172772407532,True,1,0.9960172772407532,Colliguaja odorifera,0.9960172772407532,Kageneckia oblonga,0.00388104235753417,Lithraea caustica,0.0001013701330521144,Quillaja saponaria,1.8494193909646128e-07,Podanthus mitiqui,6.847715638969021e-08,Cryptocarya alba,1.715267750057592e-08
SP005_colliguay,obs_399560863_photo_733084307.jpg,Colliguaja odorifera,Colliguaja odorifera,0.9905219078063965,True,1,0.9905219078063965,Colliguaja odorifera,0.9905219078063965,Kageneckia oblonga,0.00910243857651949,Lithraea caustica,0.000374900788301602,Podanthus mitiqui,7.64596563840314e-07,Cryptocarya alba,7.081266062414215e-08,Quillaja saponaria,1.77609127405276e-08
SP005_colliguay,obs_399593552_photo_733147007.jpg,Colliguaja odorifera,Colliguaja odorifera,0.9993450045585632,True,1,0.9993450045585632,Colliguaja odorifera,0.9993450045585632,Kageneckia oblonga,0.0005295723094604909,Lithraea caustica,0.000123153135064058,Quillaja saponaria,1.9644094209070317e-06,Podanthus mitiqui,2.2119995435332385e-07,Cryptocarya alba,1.8110306143626076e-07
SP005_colliguay,obs_399596182_photo_733152083.jpg,Colliguaja odorifera,Colliguaja odorifera,0.9955036044120789,True,1,0.9955036044120789,Colliguaja odorifera,0.9955036044120789,Kageneckia oblonga,0.003491557901725173,Lithraea caustica,0.0010042940266430378,Cryptocarya alba,2.6741867031887523e-07,Podanthus mitiqui,2.0850116300152877e-07,Quillaja saponaria,1.3108933671901468e-07
SP005_colliguay,obs_399726529_photo_733403382.jpg,Colliguaja odorifera,Colliguaja odorifera,0.9902651309967041,True,1,0.9902651309967041,Colliguaja odorifera,0.9902651309967041,Kageneckia oblonga,0.009445706382393837,Lithraea caustica,0.00028421898605301976,Podanthus mitiqui,4.788432761415606e-06,Quillaja saponaria,1.0743735856522107e-07,Cryptocarya alba,8.422979647093598e-09
SP006_quillay,obs_380838308_photo_696775867.jpg,Quillaja saponaria,Cryptocarya alba,0.4816102385520935,False,2,0.45598289370536804,Cryptocarya alba,0.4816102385520935,Quillaja saponaria,0.45598289370536804,Lithraea caustica,0.05937863513827324,Kageneckia oblonga,0.0017730819527059793,Colliguaja odorifera,0.0011197116691619158,Podanthus mitiqui,0.00013557552301790565
SP006_quillay,obs_380841198_photo_696781525.jpg,Quillaja saponaria,Cryptocarya alba,0.9945576190948486,False,3,1.901998621178791e-05,Cryptocarya alba,0.9945576190948486,Lithraea caustica,0.005422348156571388,Quillaja saponaria,1.901998621178791e-05,Kageneckia oblonga,7.015553364908556e-07,Colliguaja odorifera,2.5741425702108245e-07,Podanthus mitiqui,1.5445672829628165e-07
SP006_quillay,obs_380912848_photo_696923350.jpg,Quillaja saponaria,Lithraea caustica,0.4711097180843353,False,3,0.2065802812576294,Lithraea caustica,0.4711097180843353,Cryptocarya alba,0.29925456643104553,Quillaja saponaria,0.2065802812576294,Colliguaja odorifera,0.014199172146618366,Kageneckia oblonga,0.008715479634702206,Podanthus mitiqui,0.0001408672396792099
SP006_quillay,obs_381222969_photo_697524139.jpg,Quillaja saponaria,Kageneckia oblonga,0.6131865382194519,False,2,0.1926388293504715,Kageneckia oblonga,0.6131865382194519,Quillaja saponaria,0.1926388293504715,Lithraea caustica,0.07962904125452042,Colliguaja odorifera,0.05806615576148033,Podanthus mitiqui,0.0488373301923275,Cryptocarya alba,0.0076421755366027355
SP006_quillay,obs_381241944_photo_697560164.jpg,Quillaja saponaria,Lithraea caustica,0.9667980670928955,False,3,0.009705143980681896,Lithraea caustica,0.9667980670928955,Cryptocarya alba,0.023239726200699806,Quillaja saponaria,0.009705143980681896,Kageneckia oblonga,0.0002017052611336112,Colliguaja odorifera,4.329754301579669e-05,Podanthus mitiqui,1.2038392924296204e-05
SP006_quillay,obs_381246659_photo_697569466.jpg,Quillaja saponaria,Kageneckia oblonga,0.5942853093147278,False,2,0.33084529638290405,Kageneckia oblonga,0.5942853093147278,Quillaja saponaria,0.33084529638290405,Lithraea caustica,0.04279641807079315,Podanthus mitiqui,0.015231267549097538,Cryptocarya alba,0.01478812750428915,Colliguaja odorifera,0.00205363635905087
SP006_quillay,obs_381495437_photo_698041578.jpg,Quillaja saponaria,Lithraea caustica,0.4053943455219269,False,2,0.24792037904262543,Lithraea caustica,0.4053943455219269,Quillaja saponaria,0.24792037904262543,Colliguaja odorifera,0.2173083871603012,Cryptocarya alba,0.1186661571264267,Kageneckia oblonga,0.010487797670066357,Podanthus mitiqui,0.00022290820197667927
SP006_quillay,obs_381495447_photo_698041964.jpg,Quillaja saponaria,Colliguaja odorifera,0.5224037766456604,False,3,0.19765077531337738,Colliguaja odorifera,0.5224037766456604,Lithraea caustica,0.26243671774864197,Quillaja saponaria,0.19765077531337738,Kageneckia oblonga,0.008447865955531597,Cryptocarya alba,0.0065678199753165245,Podanthus mitiqui,0.0024930343497544527
SP006_quillay,obs_381755762_photo_698550952.jpg,Quillaja saponaria,Quillaja saponaria,0.6170035600662231,True,1,0.6170035600662231,Quillaja saponaria,0.6170035600662231,Lithraea caustica,0.16847360134124756,Colliguaja odorifera,0.07426739484071732,Kageneckia oblonga,0.07392312586307526,Cryptocarya alba,0.05529199540615082,Podanthus mitiqui,0.011040379293262959
SP006_quillay,obs_382024036_photo_699076150.jpg,Quillaja saponaria,Lithraea caustica,0.8138425350189209,False,2,0.1400192677974701,Lithraea caustica,0.8138425350189209,Quillaja saponaria,0.1400192677974701,Colliguaja odorifera,0.03329506516456604,Kageneckia oblonga,0.007512061391025782,Cryptocarya alba,0.005329816602170467,Podanthus mitiqui,1.1397621619835263e-06
SP006_quillay,obs_382120375_photo_699256161.jpg,Quillaja saponaria,Lithraea caustica,0.5033859014511108,False,3,0.16138479113578796,Lithraea caustica,0.5033859014511108,Cryptocarya alba,0.17967410385608673,Quillaja saponaria,0.16138479113578796,Colliguaja odorifera,0.0652167946100235,Kageneckia oblonga,0.06372938305139542,Podanthus mitiqui,0.02660895511507988
SP006_quillay,obs_383080971_photo_701102443.jpg,Quillaja saponaria,Cryptocarya alba,0.933466911315918,False,2,0.05930463969707489,Cryptocarya alba,0.933466911315918,Quillaja saponaria,0.05930463969707489,Lithraea caustica,0.007161392364650965,Kageneckia oblonga,4.357041689218022e-05,Podanthus mitiqui,2.1545482013607398e-05,Colliguaja odorifera,1.8236780761071714e-06
SP006_quillay,obs_384104413_photo_703079568.jpg,Quillaja saponaria,Quillaja saponaria,0.49296078085899353,True,1,0.49296078085899353,Quillaja saponaria,0.49296078085899353,Cryptocarya alba,0.31922054290771484,Lithraea caustica,0.1292111724615097,Colliguaja odorifera,0.04972686618566513,Kageneckia oblonga,0.008878948166966438,Podanthus mitiqui,1.7433443417758099e-06
SP006_quillay,obs_384629571_photo_704089737.jpg,Quillaja saponaria,Quillaja saponaria,0.407318651676178,True,1,0.407318651676178,Quillaja saponaria,0.407318651676178,Lithraea caustica,0.3478562831878662,Cryptocarya alba,0.24378211796283722,Kageneckia oblonga,0.0007883342914283276,Colliguaja odorifera,0.00025449186796322465,Podanthus mitiqui,1.0565246100213699e-07
SP006_quillay,obs_384721735_photo_704269935.jpg,Quillaja saponaria,Quillaja saponaria,0.5864847302436829,True,1,0.5864847302436829,Quillaja saponaria,0.5864847302436829,Cryptocarya alba,0.2829333543777466,Lithraea caustica,0.10343781113624573,Kageneckia oblonga,0.026637885719537735,Colliguaja odorifera,0.00041205305024050176,Podanthus mitiqui,9.417207184014842e-05
SP006_quillay,obs_385500593_photo_705751511.jpg,Quillaja saponaria,Lithraea caustica,0.8937398195266724,False,3,0.032546523958444595,Lithraea caustica,0.8937398195266724,Kageneckia oblonga,0.03286416083574295,Quillaja saponaria,0.032546523958444595,Cryptocarya alba,0.02848695032298565,Colliguaja odorifera,0.011368733830749989,Podanthus mitiqui,0.0009938741568475962
SP006_quillay,obs_386359637_photo_707396504.jpg,Quillaja saponaria,Kageneckia oblonga,0.6150606274604797,False,3,0.09118515998125076,Kageneckia oblonga,0.6150606274604797,Lithraea caustica,0.2063010334968567,Quillaja saponaria,0.09118515998125076,Cryptocarya alba,0.08177277445793152,Colliguaja odorifera,0.005512983538210392,Podanthus mitiqui,0.0001674611121416092
SP006_quillay,obs_386360212_photo_707397836.jpg,Quillaja saponaria,Lithraea caustica,0.7003138661384583,False,4,0.012762367725372314,Lithraea caustica,0.7003138661384583,Kageneckia oblonga,0.17064268887043,Colliguaja odorifera,0.11193496733903885,Quillaja saponaria,0.012762367725372314,Cryptocarya alba,0.003757683327421546,Podanthus mitiqui,0.0005884057027287781
SP006_quillay,obs_386898502_photo_708426369.jpg,Quillaja saponaria,Colliguaja odorifera,0.6819132566452026,False,2,0.2599332630634308,Colliguaja odorifera,0.6819132566452026,Quillaja saponaria,0.2599332630634308,Lithraea caustica,0.02691117487847805,Cryptocarya alba,0.022458555176854134,Kageneckia oblonga,0.0087423799559474,Podanthus mitiqui,4.131935929763131e-05
SP006_quillay,obs_387173881_photo_708956563.jpg,Quillaja saponaria,Cryptocarya alba,0.7732691168785095,False,2,0.12512142956256866,Cryptocarya alba,0.7732691168785095,Quillaja saponaria,0.12512142956256866,Lithraea caustica,0.09709587693214417,Kageneckia oblonga,0.003933110274374485,Colliguaja odorifera,0.0005607522907666862,Podanthus mitiqui,1.9780296497629024e-05
SP006_quillay,obs_387299500_photo_709195273.jpg,Quillaja saponaria,Quillaja saponaria,0.5237340927124023,True,1,0.5237340927124023,Quillaja saponaria,0.5237340927124023,Cryptocarya alba,0.45657557249069214,Lithraea caustica,0.019455203786492348,Kageneckia oblonga,0.0002149684150936082,Colliguaja odorifera,1.6967098417808302e-05,Podanthus mitiqui,3.1475897230848204e-06
SP006_quillay,obs_387302003_photo_709199802.jpg,Quillaja saponaria,Cryptocarya alba,0.6920839548110962,False,2,0.2871048152446747,Cryptocarya alba,0.6920839548110962,Quillaja saponaria,0.2871048152446747,Kageneckia oblonga,0.012687279842793941,Lithraea caustica,0.005465105175971985,Colliguaja odorifera,0.0019445294747129083,Podanthus mitiqui,0.0007142916438169777
SP006_quillay,obs_387341123_photo_709276555.jpg,Quillaja saponaria,Quillaja saponaria,0.5826175808906555,True,1,0.5826175808906555,Quillaja saponaria,0.5826175808906555,Lithraea caustica,0.36362606287002563,Colliguaja odorifera,0.023771507665514946,Kageneckia oblonga,0.018594520166516304,Cryptocarya alba,0.009490995667874813,Podanthus mitiqui,0.001899405033327639
SP006_quillay,obs_387989540_photo_710536167.jpg,Quillaja saponaria,Lithraea caustica,0.9439517855644226,False,4,0.0031871728133410215,Lithraea caustica,0.9439517855644226,Cryptocarya alba,0.04763735458254814,Podanthus mitiqui,0.003283180296421051,Quillaja saponaria,0.0031871728133410215,Kageneckia oblonga,0.001517333323135972,Colliguaja odorifera,0.00042319425847381353
SP006_quillay,obs_388502130_photo_711543846.jpg,Quillaja saponaria,Quillaja saponaria,0.4857596158981323,True,1,0.4857596158981323,Quillaja saponaria,0.4857596158981323,Kageneckia oblonga,0.35909056663513184,Cryptocarya alba,0.10051710158586502,Lithraea caustica,0.028284093365073204,Podanthus mitiqui,0.020702717825770378,Colliguaja odorifera,0.005646007135510445
SP006_quillay,obs_389200547_photo_712882243.jpg,Quillaja saponaria,Cryptocarya alba,0.6434512734413147,False,3,0.01665930636227131,Cryptocarya alba,0.6434512734413147,Lithraea caustica,0.3386251628398895,Quillaja saponaria,0.01665930636227131,Kageneckia oblonga,0.0010302290320396423,Colliguaja odorifera,0.00014247652143239975,Podanthus mitiqui,9.154064173344523e-05
SP006_quillay,obs_389441789_photo_713350962.jpg,Quillaja saponaria,Cryptocarya alba,0.44282764196395874,False,5,0.023518025875091553,Cryptocarya alba,0.44282764196395874,Lithraea caustica,0.27913132309913635,Colliguaja odorifera,0.13871237635612488,Kageneckia oblonga,0.11536215990781784,Quillaja saponaria,0.023518025875091553,Podanthus mitiqui,0.0004484640958253294
SP006_quillay,obs_390087506_photo_714614656.jpg,Quillaja saponaria,Quillaja saponaria,0.4978236258029938,True,1,0.4978236258029938,Quillaja saponaria,0.4978236258029938,Colliguaja odorifera,0.23857972025871277,Kageneckia oblonga,0.21357125043869019,Lithraea caustica,0.03849625959992409,Cryptocarya alba,0.011526794172823429,Podanthus mitiqui,2.345445182072581e-06
SP006_quillay,obs_390106741_photo_714649781.jpg,Quillaja saponaria,Quillaja saponaria,0.9944928884506226,True,1,0.9944928884506226,Quillaja saponaria,0.9944928884506226,Kageneckia oblonga,0.004253662656992674,Cryptocarya alba,0.0010315109975636005,Lithraea caustica,0.00014569009363185614,Podanthus mitiqui,7.291298970812932e-05,Colliguaja odorifera,3.3858814276754856e-06
SP006_quillay,obs_390107569_photo_714651246.jpg,Quillaja saponaria,Quillaja saponaria,0.7949621677398682,True,1,0.7949621677398682,Quillaja saponaria,0.7949621677398682,Cryptocarya alba,0.16674503684043884,Kageneckia oblonga,0.03543279692530632,Lithraea caustica,0.0027552894316613674,Colliguaja odorifera,0.00010330339864594862,Podanthus mitiqui,1.3998999293107772e-06
SP006_quillay,obs_391265549_photo_716914294.jpg,Quillaja saponaria,Cryptocarya alba,0.4873475432395935,False,3,0.15130531787872314,Cryptocarya alba,0.4873475432395935,Lithraea caustica,0.3116806149482727,Quillaja saponaria,0.15130531787872314,Kageneckia oblonga,0.04844317212700844,Colliguaja odorifera,0.0011408659629523754,Podanthus mitiqui,8.247492951340973e-05
SP006_quillay,obs_392369282_photo_719062703.jpg,Quillaja saponaria,Lithraea caustica,0.411182165145874,False,2,0.3904327154159546,Lithraea caustica,0.411182165145874,Quillaja saponaria,0.3904327154159546,Cryptocarya alba,0.17615778744220734,Kageneckia oblonga,0.020915333181619644,Colliguaja odorifera,0.0012695902260020375,Podanthus mitiqui,4.241591886966489e-05
SP006_quillay,obs_392961403_photo_720212747.jpg,Quillaja saponaria,Quillaja saponaria,0.498786598443985,True,1,0.498786598443985,Quillaja saponaria,0.498786598443985,Lithraea caustica,0.20589984953403473,Cryptocarya alba,0.15910585224628448,Colliguaja odorifera,0.11315914243459702,Kageneckia oblonga,0.02239501103758812,Podanthus mitiqui,0.0006535365828312933
SP006_quillay,obs_393697569_photo_721654872.jpg,Quillaja saponaria,Quillaja saponaria,0.4371803104877472,True,1,0.4371803104877472,Quillaja saponaria,0.4371803104877472,Kageneckia oblonga,0.2888064384460449,Colliguaja odorifera,0.18423600494861603,Lithraea caustica,0.056799985468387604,Cryptocarya alba,0.03297579661011696,Podanthus mitiqui,1.4577121874026489e-06
SP006_quillay,obs_393699051_photo_721657742.jpg,Quillaja saponaria,Quillaja saponaria,0.7158592939376831,True,1,0.7158592939376831,Quillaja saponaria,0.7158592939376831,Lithraea caustica,0.2042367309331894,Colliguaja odorifera,0.04003903269767761,Kageneckia oblonga,0.03172717243432999,Cryptocarya alba,0.008128715679049492,Podanthus mitiqui,9.114661224884912e-06
SP006_quillay,obs_394715659_photo_723652620.jpg,Quillaja saponaria,Lithraea caustica,0.37876632809638977,False,2,0.25160345435142517,Lithraea caustica,0.37876632809638977,Quillaja saponaria,0.25160345435142517,Kageneckia oblonga,0.22017692029476166,Cryptocarya alba,0.11607200652360916,Colliguaja odorifera,0.03337413817644119,Podanthus mitiqui,7.22183904144913e-06
SP006_quillay,obs_395055347_photo_724319982.jpg,Quillaja saponaria,Lithraea caustica,0.5436258316040039,False,4,0.01526147685945034,Lithraea caustica,0.5436258316040039,Cryptocarya alba,0.4016067385673523,Kageneckia oblonga,0.03918830677866936,Quillaja saponaria,0.01526147685945034,Colliguaja odorifera,0.00030540814623236656,Podanthus mitiqui,1.2208732186991256e-05
SP006_quillay,obs_395524913_photo_725245252.jpg,Quillaja saponaria,Quillaja saponaria,0.4349934160709381,True,1,0.4349934160709381,Quillaja saponaria,0.4349934160709381,Cryptocarya alba,0.3300027549266815,Lithraea caustica,0.22332000732421875,Colliguaja odorifera,0.005951140075922012,Kageneckia oblonga,0.0055384039878845215,Podanthus mitiqui,0.00019428714585956186
SP006_quillay,obs_396013295_photo_726195391.jpg,Quillaja saponaria,Cryptocarya alba,0.5031562447547913,False,5,0.026772715151309967,Cryptocarya alba,0.5031562447547913,Lithraea caustica,0.3201673626899719,Kageneckia oblonga,0.11807090044021606,Colliguaja odorifera,0.03156523033976555,Quillaja saponaria,0.026772715151309967,Podanthus mitiqui,0.00026760436594486237
SP006_quillay,obs_396013867_photo_726196622.jpg,Quillaja saponaria,Lithraea caustica,0.7043305039405823,False,3,0.06647307425737381,Lithraea caustica,0.7043305039405823,Cryptocarya alba,0.1962701380252838,Quillaja saponaria,0.06647307425737381,Kageneckia oblonga,0.017187748104333878,Colliguaja odorifera,0.015727784484624863,Podanthus mitiqui,1.0740673133113887e-05
SP006_quillay,obs_396183729_photo_726532018.jpg,Quillaja saponaria,Cryptocarya alba,0.7426360845565796,False,2,0.23482820391654968,Cryptocarya alba,0.7426360845565796,Quillaja saponaria,0.23482820391654968,Kageneckia oblonga,0.014718111604452133,Lithraea caustica,0.00715079577639699,Colliguaja odorifera,0.0005169004434719682,Podanthus mitiqui,0.00014988589100539684
SP006_quillay,obs_396276079_photo_726719796.jpg,Quillaja saponaria,Quillaja saponaria,0.9159516096115112,True,1,0.9159516096115112,Quillaja saponaria,0.9159516096115112,Cryptocarya alba,0.06824424862861633,Kageneckia oblonga,0.012530789710581303,Lithraea caustica,0.002297881292179227,Colliguaja odorifera,0.0009455196559429169,Podanthus mitiqui,3.001140612468589e-05
SP006_quillay,obs_396667332_photo_727440582.jpg,Quillaja saponaria,Cryptocarya alba,0.7308253645896912,False,4,0.044946055859327316,Cryptocarya alba,0.7308253645896912,Lithraea caustica,0.15521517395973206,Kageneckia oblonga,0.06498183310031891,Quillaja saponaria,0.044946055859327316,Colliguaja odorifera,0.0040291049517691135,Podanthus mitiqui,2.4763637611613376e-06
SP006_quillay,obs_396673910_photo_727452012.jpg,Quillaja saponaria,Lithraea caustica,0.45050594210624695,False,3,0.09551223367452621,Lithraea caustica,0.45050594210624695,Kageneckia oblonga,0.3788578510284424,Quillaja saponaria,0.09551223367452621,Colliguaja odorifera,0.06377746909856796,Cryptocarya alba,0.011313616298139095,Podanthus mitiqui,3.2870379072846845e-05
SP006_quillay,obs_397426445_photo_728924855.jpg,Quillaja saponaria,Kageneckia oblonga,0.8661332726478577,False,2,0.09477727115154266,Kageneckia oblonga,0.8661332726478577,Quillaja saponaria,0.09477727115154266,Lithraea caustica,0.033434074372053146,Colliguaja odorifera,0.0035079647786915302,Cryptocarya alba,0.0021248171105980873,Podanthus mitiqui,2.257405867567286e-05
SP006_quillay,obs_399264022_photo_732507072.jpg,Quillaja saponaria,Cryptocarya alba,0.610645055770874,False,2,0.3484637141227722,Cryptocarya alba,0.610645055770874,Quillaja saponaria,0.3484637141227722,Lithraea caustica,0.023310372605919838,Kageneckia oblonga,0.016689704731106758,Podanthus mitiqui,0.0007093032472766936,Colliguaja odorifera,0.0001818364398786798
SP006_quillay,obs_399594822_photo_733149452.jpg,Quillaja saponaria,Quillaja saponaria,0.509846031665802,True,1,0.509846031665802,Quillaja saponaria,0.509846031665802,Lithraea caustica,0.38736769556999207,Cryptocarya alba,0.10184889286756516,Kageneckia oblonga,0.0007981283124536276,Colliguaja odorifera,0.00012896169209852815,Podanthus mitiqui,1.0276894499838818e-05
SP006_quillay,obs_399873812_photo_733701907.jpg,Quillaja saponaria,Kageneckia oblonga,0.756145179271698,False,2,0.1832333654165268,Kageneckia oblonga,0.756145179271698,Quillaja saponaria,0.1832333654165268,Lithraea caustica,0.057686854153871536,Colliguaja odorifera,0.0015859082341194153,Cryptocarya alba,0.0012400731211528182,Podanthus mitiqui,0.00010865439980989322
SP006_quillay,obs_399888291_photo_733729670.jpg,Quillaja saponaria,Lithraea caustica,0.5528148412704468,False,2,0.2574419677257538,Lithraea caustica,0.5528148412704468,Quillaja saponaria,0.2574419677257538,Cryptocarya alba,0.09182317554950714,Kageneckia oblonga,0.0869450643658638,Colliguaja odorifera,0.010930212214589119,Podanthus mitiqui,4.482854637899436e-05
SP006_quillay,obs_399894197_photo_733739859.jpg,Quillaja saponaria,Cryptocarya alba,0.6179085373878479,False,2,0.2592564821243286,Cryptocarya alba,0.6179085373878479,Quillaja saponaria,0.2592564821243286,Lithraea caustica,0.10490263998508453,Kageneckia oblonga,0.015617982484400272,Colliguaja odorifera,0.0016300203278660774,Podanthus mitiqui,0.0006842692964710295
